Date,LUXXX,MSCI ARGENTINA,BLP ORIENTE MEDIO,MSCI AUSTRALIA,MSCI AUSTRIA,MSCI BELGIUM,MSCI BRAZIL,MSCI CANADA,MSCI CHINA,MSCI DENMARK,MSCI EM ASIA,MSCI EM EU-MIDE-AFRICA,MSCI EM EUROPE,MSCI EM LATIN AMERICA,MSCI FINLAND,MSCI FRANCE,MSCI GERMANY,MSCI HONG KONG,MSCI INDIA,MSCI ITALY,MSCI JAPAN,MSCI KOREA,MSCI MEXICO,MSCI NETHERLANDS,MSCI NEW ZEALAND,MSCI NORWAY,MSCI PERU,MSCI RUSSIA,MSCI SINGAPORE,MSCI SOUTH AFRICA,MSCI SPAIN,MSCI SWEDEN,MSCI SWITZERLAND,MSCI UK,MSCI USA
1-Jan-16,1390.716,2376.29,3525.915,1068.79,106.7,105.38,1036.23,1663.27,59.47,8566.71,403.66,210.209,244.42,1829.81,120.63,131.1,140.65,12080.11,987.16,61.26,938.4,526.86,5262.19,120.08,115.77,2373.17,811.96,404.73,1507.8101,1255.75,108.4,11136.65,1148.37,1818.4,1949.7
8-Jan-16,1291.267,2260.85,3280.6683,1005.56,97.66,99.35,952.01,1586.18,54.63,8183,377.65,194.927,231.93,1674.47,115.86,122.85,129.12,11438.23,945.87,56.94,876.35,510.54,4757.8,112.38,113.67,2209.38,751.09,388.05,1437.66,1177.76,101,10389.93,1075.3,1722,1831.88
15-Jan-16,1257.086,2217.5,3118.2981,985.38,93.54,97.32,904.64,1541.08,51.54,7755.73,363.18,181.941,217.9,1625.73,112.37,119.45,125.17,11063.73,927.24,54.86,849.09,500.01,4738.23,110.37,113.92,2095.6,720.23,344.45,1372.98,1133.72,97.34,10042.32,1056.01,1692.43,1789.56
22-Jan-16,1254.167,2281.98,2935.0677,985.87,95.79,100.73,879.17,1582.1,51.15,8035.69,363.1,185.011,221.47,1620.67,115.08,123,128.08,10654.83,919.19,54.36,833.57,501.7,4769.16,114.75,112.2,2173.55,745.96,367.44,1350.05,1160.48,99.21,10469.07,1076.48,1719.61,1814.12
29-Jan-16,1298.24,2462.19,3134.084,1005.56,96.93,103.05,958.97,1638.84,52.13,8211.17,374.07,201.286,237.29,1744.05,116.55,125.61,128.32,11002.78,941.64,53.16,866.68,508.22,5083.75,117.19,112.43,2214.88,825.18,400.93,1375.1,1239.58,100.06,10432.42,1087.17,1774.4,1843.88
5-Feb-16,1274.632,2478.91,3230.4914,1000.92,94.41,96.23,982.59,1626.67,50.88,7590.21,371.95,201.061,234.77,1751.62,107.28,119.84,121.85,10728.97,933.33,49.09,828.93,510.36,4994.36,111.27,113.12,2224.52,833.32,388,1378.91,1236.8,96.59,10259.55,1042.12,1706.88,1784.73
12-Feb-16,1187.171,2396.77,3126.7548,957.15,91.51,92.88,950.57,1576.9,48.16,7274.24,357.16,194.282,223.33,1688.04,100.73,113.79,117.52,10473.28,873.94,47.22,723.88,491.8,4696.93,104.95,110.15,2049.32,894.74,366.56,1335.27,1204.16,90.02,9901.4,1001.93,1666.26,1768.52
19-Feb-16,1269.245,2558.24,3235.5655,997.23,95.52,95.56,968.53,1632.27,51.7,7697.9,372.3,202.474,232.1,1751.95,106.66,120.22,123.16,10905.3,901.51,48.01,783.37,514.2,5012.19,110.4,113.62,2154.21,871.74,385.44,1399.61,1221.26,92.83,10445.35,1032.03,1734.34,1820.17
26-Feb-16,1296.604,2728.83,3256.9893,979.26,94.69,94.64,984.53,1628.94,51.42,7971.88,371,201.758,238.08,1777.57,108.73,122.52,124.52,11086.69,885.44,49.82,794.35,512.28,5080.7,113.75,116.76,2219.57,908.34,401.12,1393.55,1233.61,94.71,10564.06,1035.66,1777.72,1850
4-Mar-16,1437.405,2677.79,3363.5448,1025.81,99.26,97.16,1233.82,1677.77,54.08,8270.47,390.33,218.467,254.95,2039.7,109.71,126.46,128.49,11511.49,933.38,52.22,834.01,524.56,5370.03,117.38,120.64,2310.91,991.42,436.78,1492.12,1306.8,100.24,10816.48,1050.76,1809.04,1900.16
11-Mar-16,1439.107,2648.91,3436.8369,1041.85,102.07,97.09,1283.36,1721.53,54.28,8203.13,394.01,222.802,263.83,2080.59,108.35,127.45,128.53,11473.93,938.57,54.29,823.05,529.16,5381.29,118.55,121.52,2292.3,991.28,447.9,1487.24,1295.32,103.9,10926.95,1052.96,1790.17,1920.64
18-Mar-16,1460.562,2643.91,3449.2402,1044.35,103.77,97.46,1315.5,1716.28,55.93,8046.05,405.39,232.965,276.57,2149.8,110.8,126.86,130.07,11762.58,944.4,53.11,811.61,536.12,5598.08,118.97,121.92,2306.14,1035.43,473.04,1534.11,1370.84,102.89,10739,1030.15,1804.76,1946.02
25-Mar-16,1421.769,2621.4,3408.6476,1020.86,98.66,97.38,1254.86,1698.39,55.21,8018.52,401.41,224.27,266.83,2080.52,107.31,123.38,128.83,11644.83,959.08,51.75,825.16,533.92,5516.03,117.69,122.6,2284.59,988.41,451.63,1501.17,1331.46,99.67,10425.83,1023.47,1777.78,1933.49
1-Apr-16,1460.223,2546.36,3399.0633,1001.17,100.31,97.9,1322.35,1705.23,55.97,8003.64,405.29,231.296,273.57,2161.32,106.03,123.07,128.24,11779.69,953.31,50.48,784.44,530.89,5643.19,116.95,122.69,2207.53,1017.85,457.44,1487.9,1327.93,97.13,10543.33,1014.84,1789.06,1969.88
8-Apr-16,1441.804,2430.4,3379.3308,988.07,98.73,97.1,1297.01,1696.28,55.73,8081.66,401.22,230.58,274.95,2099.54,105.95,122.34,125.84,11801.41,936.89,49.67,775.86,528.43,5386.94,116.19,123.93,2175.01,992.13,470.26,1478.3101,1323.33,95.3,10573.54,1031.19,1805.18,1946.72
15-Apr-16,1507.955,2667.47,3463.8986,1035.96,103.07,100.72,1406.84,1728.52,58.37,8076.1,414.57,238.236,280.64,2222.31,108.89,127.48,130.97,12162.22,970.61,51.75,821.75,543.18,5522.98,119.84,126.1,2251.5,1081.24,480.01,1540.6899,1359.15,100.59,10690.62,1055.02,1847.5,1978.05
22-Apr-16,1512.926,2766.63,3506.1825,1053.65,106.44,101.7,1372.51,1761.13,57.88,8218.81,412.74,241.546,287.13,2205.03,107.23,129.64,134.85,12263.92,974.81,52.95,852.01,542.67,5573.42,119.85,126.57,2308.9,1115.83,499.05,1549.77,1342.9,105.49,10785.66,1066.74,1841.24,1989.46
29-Apr-16,1513.349,2674.1,3531.5529,1056.27,104.87,97.81,1453.99,1766.45,56.55,8093.68,405.2,243.561,288.39,2292.06,105.09,126.05,130.56,12041.66,964.58,52.61,809.47,534.26,5672.36,116.4,126.93,2331.2,1158.9,504.5,1491.8,1347.42,102.93,10512.16,1047.78,1818.29,1964.63
6-May-16,1485.799,2648.45,3435.7093,1061.83,99.35,97.42,1359.91,1728.66,54.09,7934.49,392.81,226.416,271.77,2157.63,102.89,122.83,127.25,11632.11,956.37,50.52,782.68,531.47,5321.78,114.44,129.15,2277.67,1119.02,479.79,1431.54,1290.77,98.86,10136.64,1021.52,1783.89,1955.85
13-May-16,1428.659,2658.16,3459.3883,1068.12,97,99.31,1370.17,1733.14,53.02,8102.21,386.97,224.801,272.61,2157.76,101.46,123.27,127.83,11404.65,964.55,50.3,794.16,524.64,5289.55,115.45,130.66,2257.3,1124.23,487.38,1429.49,1293.55,99.28,10233.04,1044.02,1786.37,1946.66
20-May-16,1431.921,2624.9,3410.9028,1074.03,96.1,98.61,1304.36,1757.84,53.36,8198.25,384.15,220.17,265.52,2079.56,102.65,124.18,127.29,11425.52,954.14,50.52,807.97,520.29,5185.34,116.25,129.99,2283.73,1095.33,467.92,1435.03,1309.06,99.8,10381.01,1053.16,1791.22,1952.72
27-May-16,1472.207,2688.64,3364.6724,1084.17,99.59,102.31,1263.59,1785.8,55.4,8422.01,398.53,226.262,271.14,2058.53,107.14,128.18,131.45,11692.26,998.25,51.53,811.81,528.3,5271.37,121.14,131.44,2337.73,1102.04,481.31,1456.4301,1359.88,103.8,10633.08,1088.95,1823.97,1996.91
3-Jun-16,1492.202,2731.54,3342.1209,1064.74,96.65,101.85,1323.64,1797.15,55.72,8375.42,401.22,229.446,269.6,2104.07,106.67,125.69,129.22,11947.73,1004.03,49.56,803.52,534.34,5196.04,119.6,130.52,2282.94,1164.02,470.43,1457.48,1386.78,99.79,10425.92,1070.53,1805.33,1998.83
10-Jun-16,1452.544,2769.3,3411.4666,1061.83,93.95,100.41,1335.81,1768.16,55.48,8149.7,406.11,229.986,270.15,2109.85,105.77,122.25,125.81,12004.35,993.33,48.57,799.04,543.62,5155.8,115.23,127.28,2260.33,1146.73,483.76,1466.51,1359.22,96.22,10190.57,1041.1,1779.4,1994.56
17-Jun-16,1469.778,2804,3388.3513,1030.58,93.39,97.78,1341.38,1751.57,53.82,7723.42,396.66,223.738,263.49,2103.36,103.02,119.13,123.09,11539.19,993.37,48.1,753.24,529.08,5072.02,111.07,126.4,2221.87,1161.98,475.28,1431.98,1322.97,94.8,10063.39,1013.7,1752.51,1972.15
24-Jun-16,1413.055,2684.82,3423.8698,1021.25,90.78,97.41,1383.36,1748.44,54.08,7865.04,394.43,225.848,260.71,2135.97,107.43,116.91,122.4,11548,986.34,44.49,725.09,525.02,5035.42,111,122.29,2230.41,1142.93,474.52,1418.58,1331.18,87.89,10565.52,1017.89,1787.96,1939.51
1-Jul-16,1454.413,2780.55,3398.4995,1048.73,92.16,102.1,1498.68,1768.23,55.68,8229.93,410.16,231.666,265.54,2284.43,107.49,121.24,125.07,11882.94,1014.21,46.41,753.04,541.3,5349.87,113.6,129.27,2320.25,1206.27,484.38,1483.51,1357.28,93.61,10405.82,1060.73,1916.98,2001.46
8-Jul-16,1431.63,2784.73,3418.7958,1043.4,90.47,100.33,1496.94,1787.79,55.03,8144.57,404.83,229.096,263.99,2259.47,105.69,118.9,123.17,11817.57,1017.14,45.7,726.74,533.83,5193.66,112.7,132.71,2307.68,1223.65,484.62,1479.12,1329.42,92.79,10277.12,1053.71,1920.2,2027.71
15-Jul-16,1496.615,2839.88,3488.7052,1082.87,98.33,100.39,1575.48,1821.42,57.65,8209.64,423.85,240.936,275.86,2354.03,110.35,123.61,128.57,12346.72,1037.82,47.64,794.19,551.75,5338.93,116.21,132.42,2341.57,1223.22,502.96,1523.2,1387.19,96.73,10641.24,1070.2,1943.1,2057.21
22-Jul-16,1508.421,2783.38,3492.6517,1097.62,98.84,101.33,1609.67,1838.15,58.08,8329.17,424.66,238.24,263.69,2392.21,111.33,124.09,129.73,12630.23,1041.26,47.62,799.71,549.13,5393.14,118.16,136.39,2358.96,1253.63,489.64,1524.62,1405.47,97.57,10667.43,1074.95,1961.24,2071.13
29-Jul-16,1568.416,2742.63,3451.4953,1109.88,98.21,102.33,1642.21,1832.21,57.56,8408.49,426.06,241.975,264.73,2391.35,110.63,125.95,132.07,12695.83,1055.91,47.8,795.9,552.5,5246.76,117.87,140.31,2282.84,1272.69,481.44,1479.66,1395.94,97.24,10734.96,1067.46,1960.33,2070.68
5-Aug-16,1571.901,2701.45,3411.4666,1096.27,97.64,100.66,1674.25,1839.31,58.42,7967.81,433,242.921,267.78,2421.67,109.71,125.21,132.45,12722.13,1060.91,47.17,773.15,555.4,5274.47,118.03,137.93,2284.56,1279.03,488.52,1457.84,1384.93,96.32,10668.42,1075.76,1980.29,2079.19
12-Aug-16,1576.53,2699.54,3462.771,1104.3,100.31,102.36,1710.92,1853.86,61.27,7773.63,443.89,251.239,274.96,2502.9,112.42,127.53,136.82,12922.55,1062.9,48.3,799.26,563.54,5598.25,120.22,138.37,2303.42,1280.4,497.07,1476.17,1411.07,98.6,10929.69,1090.93,2015.72,2080.8
19-Aug-16,1574.032,2669.39,3472.3554,1100.87,99.98,101.52,1691.76,1848.36,62.27,7801.69,444.6,251.485,275.07,2484.21,109.8,124.82,134.71,12749.25,1058.49,46.38,785.21,571.68,5587.25,118.64,139.99,2281.12,1287.92,502.45,1462.4399,1408.67,95.33,10770.85,1068.58,1998.34,2080.25
26-Aug-16,1580.428,2673.03,3405.8287,1101.35,101.98,102.69,1660.1,1848.79,61.69,7868.73,442.49,245.177,274.37,2440.16,111.24,125.86,135.24,12778.88,1046.98,47.98,779.02,565.01,5468.32,120.08,141.25,2297.36,1237.07,505.99,1472.6,1400.89,97.97,10920.77,1074.05,1991.83,2066.65
2-Sep-16,1596.5,2714.25,3395.1168,1073.14,104.68,104.17,1692.97,1868.49,62.46,7848.81,443,239.923,272.22,2452.4,111.92,128.75,136.5,12958.11,1069.55,49.05,813.16,566.11,5382.38,123.67,143.07,2317.17,1271.92,501.24,1439.36,1390.17,101.05,11096.18,1090.62,2008.3,2078.05
9-Sep-16,1583.787,2661.88,3415.4131,1066.22,105.16,102.35,1642.9,1837.5,64.44,7664.99,451.62,241.133,275.52,2383.01,110.83,127.45,134.79,13466.75,1074.89,48.92,813.25,567.91,5183.33,119.81,143.73,2289.47,1230.9,512.92,1480.76,1384.44,102.59,11019.27,1085.94,1973.91,2028.26
16-Sep-16,1545.143,2642.51,3413.7217,1057.8,101.27,101.76,1595.62,1830.43,63.05,7792.02,440.04,235.823,267.26,2300.38,107.97,123.3,131.47,13180.07,1064.21,46,792.05,555.72,4922.56,117.38,136.55,2218.67,1208.18,492.56,1452.6899,1351.58,97.75,10885.35,1069.21,1953.21,2039.51
23-Sep-16,1589.712,2728.94,3367.4913,1085.44,105.47,105.68,1677.3,1859.69,64.72,7735.6,454.88,245.656,279.25,2400.03,112.27,127.38,135.81,13315.67,1070.34,46.69,813.16,570.12,5102.36,120.85,137.43,2287.23,1246.42,516.21,1464.78,1357.54,100.05,11135.64,1087.35,2011.65,2064.63
30-Sep-16,1577.559,2812.62,3287.4337,1087.4,105.41,105.19,1655.73,1866.09,63.16,7502.71,447.52,241.389,272.79,2380.82,112.41,126.16,134.57,13187.49,1050.19,46.46,795.79,568.16,5129.75,121.37,138.42,2303.04,1218.44,512.01,1472.67,1342.78,99.36,11168.19,1071.78,2009.51,2067.66
7-Oct-16,1586.237,2891.26,3275.5942,1100.96,107,104.15,1721.62,1855.85,64.94,7498.63,455.29,240.162,277.42,2443.86,111.53,126.85,135.28,13350.97,1063.65,46.66,814.39,578.22,5230.59,122.16,132.85,2340.05,1160.04,522.19,1483.63,1329.51,99.46,11300.49,1075.44,2039.55,2059.65
14-Oct-16,1575.661,2863.08,3275.5942,1091.55,108.41,105.57,1774.55,1853.3,62.79,7435.58,442.05,234.186,272.49,2496.13,109.29,126.96,135.26,13104.26,1047.2,46.87,809.77,563.12,5271.67,120.31,133.69,2341.72,1164.63,512.8,1443.84,1297.4,99.73,11174.76,1065.5,2042.42,2032.12
21-Oct-16,1592.649,2888.07,3267.1374,1091.57,111.1,105.51,1859.71,1896.62,63.46,7714.04,446.8,238.036,274.27,2599.68,110.05,128.66,136.53,13172.67,1059.07,48.66,820.14,569.61,5447.55,122.15,130.77,2364.32,1216.03,515.16,1452.28,1320.82,104.01,11296.9,1058.53,2043,2040.11
28-Oct-16,1598.609,2798.17,3325.7711,1062.83,114.84,100.16,1859.77,1883.91,62.13,7150.57,441.59,237.734,275.03,2598.41,108.52,129.39,136.21,13077.52,1047.5,49.04,835.71,569.38,5399.7,121.92,131.11,2365.87,1193.31,514.05,1443.53,1299.58,105.64,11261.35,1042.73,2034.87,2025.89
4-Nov-16,1577.715,2673.85,3307.73,1041.71,107.88,95.67,1745.07,1848.89,60.81,6809.87,432.84,230.738,265.38,2462.83,103.96,124.71,130.83,12889.67,1017.57,46.26,807.3,560.96,5143.94,117.64,126.79,2304.22,1226.37,494.18,1431.6,1261.9,100.94,10813.94,1004.54,1946.57,1986.33
11-Nov-16,1607.364,2570.4,3410.9028,1084.6,113.41,95.76,1552.2,1864.74,60.06,6671.37,422.82,223.98,265.52,2205.99,107.28,127.52,135.12,12682.12,986.61,47.76,830.05,557.56,4471.43,118.93,124.51,2360.99,1250.44,503.33,1452.29,1242.54,98.78,11149.11,1037.57,1956.82,2060.24
18-Nov-16,1603.965,2573.39,3435.1455,1079.22,113.13,94.49,1603.64,1898.96,59.76,6754.75,418.14,226.641,266.89,2272.61,105.87,128.72,135.45,12583.66,962.61,47.01,857.61,553.18,4685.17,120.3,129.16,2377.2,1188.38,517.9,1459.9,1272.05,100,11306.92,1048.43,1976.06,2082.87
25-Nov-16,1654.881,2594.07,3473.483,1111.9,114.11,95.81,1640.58,1933.87,60.91,6788.83,422.7,228.118,271.2,2296.2,108.45,129.39,135.85,12651.61,978.12,46.91,882.91,560.36,4629.04,121.68,130.1,2421.25,1226.88,533.31,1489.45,1257.15,99.1,11460.76,1039.46,1990.55,2108.13
2-Dec-16,1633.026,2499.5,3535.4994,1099.6,113.58,93.24,1583.54,1926.05,60.43,6829.7,422.62,227.702,274.31,2248.27,106.65,128.82,133.53,12491.86,975.46,48.72,891.38,562.69,4564.33,118.23,129.83,2410.65,1244.16,551.42,1524.72,1212.54,98.42,11315.49,1027.12,1961.06,2085.48
9-Dec-16,1703.452,2471.28,3622.3224,1125.22,119.17,96.24,1632.49,1961.01,60.85,7070.84,431.79,239.266,287.25,2345.82,111.26,135.16,142.01,12467.14,996.78,52,921.45,581.06,4887.86,123.46,129.4,2520.56,1279.06,579.53,1543.2,1268.83,105.59,11821.99,1065.85,2024.34,2149.3
16-Dec-16,1683.647,2372.9,3630.7791,1120.56,122.36,96.98,1556.61,1959.12,58.57,7194.61,421.7,236.155,292.28,2242.51,113.7,136.88,144.31,12102.96,983.02,54.02,935.46,584.53,4663.63,125.04,127.92,2510.72,1227.99,593.39,1532.4,1238.03,108.54,11941.49,1079.76,2040.24,2147.61
23-Dec-16,1670.159,2369.37,3634.7256,1141.23,121.4,97.24,1602.72,1968.47,57.23,7223.53,411.04,235.262,288.78,2265.15,115.03,137.28,145.12,11877.4,956.4,54.97,931.27,582.08,4631.18,126.71,130.93,2513.65,1224.76,582.24,1493.21,1232.15,108.15,11772.19,1081.22,2056.46,2152.84
30-Dec-16,1669.065,2469.08,3677.0096,1146.21,119.62,97.99,1671.82,1956.11,58.65,7275.95,418.96,244.767,296.98,2340.65,114.49,137.99,145.46,11956.22,983.2,54.72,914,580.57,4696.83,126.41,128.54,2523.77,1248.5,602.59,1496.2,1275.54,107.93,11717.21,1080.31,2077.45,2129.36
6-Jan-17,1700.512,2624.51,3710.8367,1165.09,124.59,98.95,1734.32,1981.92,60.4,7424.66,429.31,247.948,300.12,2382.45,115.53,139.19,146.87,12287.63,992.77,55.79,934.46,587.65,4571.08,127.09,131.2,2573.33,1316.77,610.95,1533.03,1294.68,110.21,11760.81,1105.45,2098.29,2167.35
13-Jan-17,1707.983,2803.21,3666.8614,1167.61,123.67,97.28,1814.04,1973.97,61.28,7278.14,436.64,251.333,302.25,2442.93,113.05,138.24,146.06,12572.74,1009.58,54.09,923.58,604.01,4499.27,126.04,132.26,2568.62,1324.5,603,1553.77,1314.62,108.71,11642.81,1101.05,2120.4,2161.52
20-Jan-17,1705.551,2906.26,3671.9355,1144.7,124.35,97.18,1820.99,1992.27,61.37,7332.97,435.16,248.249,295.62,2454.8,114.86,138.16,147.45,12618.64,1002.85,54.77,922.88,595.79,4532,127.48,132.83,2591.64,1317.23,590.58,1562.05,1299.98,108.44,11822.88,1090.34,2092.94,2162.77
27-Jan-17,1693.047,2940.33,3745.2276,1157.36,126.38,97.54,1885.53,1994.44,62.72,7438.5,445.82,252.853,306.59,2547.95,114.77,137.93,149.79,12890.54,1036.99,53.92,933.36,608.03,4787.71,127.57,134.9,2621.35,1368.94,620.53,1590.78,1298.15,110.03,11945.93,1102.16,2090.47,2185.47
3-Feb-17,1692.336,3059.81,3678.1371,1139.93,126,97.27,1877.65,1978.68,62.38,7377.49,446.72,254.266,308.99,2565.09,112.95,137.52,147.38,12770.86,1044.87,53.31,910.51,603.66,4919.26,128.06,134.04,2609.64,1363.12,611.68,1575.04,1291.95,109.41,12119.57,1098.43,2090.73,2189.44
10-Feb-17,1790.021,3132.69,3672.4993,1158.57,127.11,97.9,1908.99,2009.17,64.21,7468.65,453.83,253.116,305.87,2599.5,114.74,137.47,147.73,12913.85,1054.22,52.68,929.17,601.17,4971.92,129.04,133.07,2564.75,1411.14,600.79,1606.41,1302.82,107.88,12157.4,1111.68,2113.41,2207.2
17-Feb-17,1794.09,3099.03,3750.8655,1182.08,129.78,98.94,1992.93,2027.47,65.72,7562.39,459.98,259.117,309.32,2662.32,116.52,139.35,148.85,13079.19,1055.6,53.13,925.69,601.2,4926.12,130.6,131.36,2553.87,1370.2,591.95,1594.63,1295.82,110.14,12292.19,1113.38,2118.67,2236.24
24-Feb-17,1773.885,3009.14,3737.8984,1166.63,126,98.97,1930.51,1983.48,65.53,7495.2,461.42,255.658,302.64,2618.24,116.66,137.86,149.23,13173.36,1070.86,51.73,929.11,603.76,5027.54,131.96,132.34,2526.08,1352.3,580.51,1614.27,1292.89,108.92,12263.63,1121.19,2108.9,2254.92
3-Mar-17,1771.239,3052.84,3700.6886,1166.29,128.52,99.59,1905.64,1997.91,64.52,7494.48,454.4,252.667,299.75,2606.86,118.58,141.76,151.76,13193.78,1067.66,54.72,933.39,603.24,5115.05,134.92,133.59,2540.46,1349.73,570.27,1610.8,1289.64,113.28,12357.61,1140.55,2145.48,2268.6
10-Mar-17,1767.515,3042.26,3657.2771,1176.9,130.95,99.68,1835.8,1985.56,64.67,7432.37,455.29,247.594,290.53,2540.59,117.94,141.84,150.96,13256.15,1068.57,54.72,941.91,608.47,5062.61,137.64,132.14,2573.28,1282.16,544.2,1615.5699,1289.09,116.06,12408.17,1141.56,2136.47,2258.56
17-Mar-17,1795.765,3186.31,3632.4705,1179.11,130.6,102.45,1851.08,1981.12,67.11,7497.79,475.56,259.431,303.98,2607.09,120.39,142.84,152.61,13475.79,1097.86,55.97,936.6,631.34,5360.7,138.08,130.56,2590.7,1333.46,570.85,1637.34,1324.49,118.86,12411.65,1145.8,2161.86,2265.86
24-Mar-17,1764.025,3237.98,3629.0878,1159.53,129.01,101.34,1817.27,1971.13,67.18,7424.95,476.84,261.626,304.64,2591.49,119.77,142.99,151.8,13585.25,1089.36,56.23,914.86,632.83,5414.61,137.27,126.29,2551.7,1330.4,581.26,1609.58,1314.76,120.01,12393.54,1137.11,2137.95,2234
31-Mar-17,1792.641,3336.67,3638.1084,1200.4,130.15,101.48,1874.53,1989.91,66.83,7495.31,476.84,258.609,306.39,2658.55,119.85,144.74,154.06,13515.36,1097.94,56.85,913.62,629.9,5526.76,138.23,127.96,2555.91,1327.94,574.7,1638.14,1294.73,121.02,12434.87,1147.05,2147.34,2255.71
7-Apr-17,1812.01,3416.09,3694.4869,1191.53,131.58,101.88,1847.9,2001.62,67,7593.13,476.37,250.812,307.52,2639.05,119.73,145.83,153.97,13709.71,1103.54,56.56,887.42,624.51,5491.83,138.26,128.99,2554.52,1315.91,575.34,1634.2,1310.36,122.43,12302.72,1140.16,2127.47,2245.67
14-Apr-17,1778.43,3416.5,3683.775,1202.84,129.06,101.27,1804.3,1976.01,67.02,7694.28,474.8,252.588,295.44,2605.57,120.6,144.59,152.64,13747.18,1093.78,55.12,874.47,619.48,5524.8,138.44,127.55,2564.17,1258.57,549.86,1629.35,1350.37,119.57,12393.4,1141.12,2135.05,2219.02
21-Apr-17,1789.88,3423.9,3616.1207,1187,128.56,100.05,1818.14,1991.35,67.17,7691.01,472.58,254.395,299.73,2609.31,120.38,144.78,151.59,13547.21,1087.86,55.24,881.38,620.04,5489.35,138.32,127.66,2505.82,1275.35,554.2,1612.7,1323.17,120.38,12358.74,1132.49,2075.22,2244.87
28-Apr-17,1746.003,3415.47,3612.738,1208.34,138.02,102.8,1826.72,1987.55,68.2,7954.7,484.25,259.682,313.12,2600.69,123.7,150.41,156.31,13924.58,1107.9,57.18,915.09,644.51,5464.22,141.05,131.44,2511.11,1260.3,573.23,1636.28,1359.71,124.5,12848.23,1165.97,2097.2,2272.62
5-May-17,1792.35,3478.46,3590.7504,1195.79,138.61,107.05,1823.24,1967.99,67.85,8101.79,487.6,255.698,308.27,2592.38,126.55,153.38,157.97,13884.11,1102.35,58.8,926.47,657.64,5418.44,143.58,131.72,2531.07,1258.69,552.96,1668.55,1353.32,128.22,12954.71,1188.83,2109.14,2276.03
12-May-17,1684.781,3513.36,3603.1537,1191.74,139.56,107.15,1911.05,1983.32,69.64,8105.48,496.49,261.257,312.66,2678.21,127.66,153.43,157.99,14107.08,1120.14,59.9,947.05,674.73,5485.48,143.72,131.36,2604.07,1319.58,559.83,1689.92,1382.92,126.21,12960,1199.34,2148.92,2280.19
19-May-17,1702.218,3378.59,3606.5364,1162.74,143.78,103.89,1660.98,1945.47,70.01,7995.98,495.99,260.226,308.82,2460.96,125.5,150.92,155.73,14007.66,1114.07,59.47,927.14,673.72,5392.67,141.72,130.04,2582.17,1340.55,557.1,1670.53,1386.29,123.88,12705.98,1180.8,2164.74,2253.14
26-May-17,1742.109,3565.72,3591.3142,1171.64,148.9,104.05,1723.01,1964.04,72.29,8113.71,507.62,268.744,315.76,2551.13,129.01,152.45,156.31,14130.86,1126.38,59.22,940.78,687.52,5639.36,143.04,130.74,2630.76,1347.94,547.34,1681.3101,1395.81,127.07,12899.93,1194.06,2186.82,2300.5
2-Jun-17,1718.67,3700.31,3595.2607,1169.05,144.46,104.03,1726.78,1968.02,72.48,8303.89,510.34,263.384,309.3,2545.73,130.29,152.98,158.47,14445.49,1135.61,58.12,961.29,693.73,5570.26,143.44,131.08,2569.61,1336.23,533.55,1679.66,1356.74,126.64,12972.64,1193.93,2194.18,2324.48
9-Jun-17,1721.569,3615.09,3535.4994,1145.34,146.21,102.34,1709.98,1964.93,74.26,8196.23,515.55,257.478,306.6,2543.7,129.54,150.77,156.95,14568.97,1138.11,58.47,946.8,691.2,5648.8,142.79,129.9,2552.47,1376.11,527.57,1673.36,1331.18,128.03,12950.59,1164.86,2165.4,2319
16-Jun-17,1703.288,3436.65,3523.0961,1162.89,143.64,101.91,1695.15,1931.67,71.86,8224.85,507.28,252.251,299.35,2534.94,129.3,149.47,156.59,14343.91,1128.17,58.14,944.73,693.18,5672.15,141.56,131,2532.46,1377.84,503.54,1670.96,1288.57,125.14,12831.99,1170.5,2155.81,2317.07
23-Jun-17,1701.205,3463.42,3642.6186,1150.27,140.78,101.51,1646.04,1937.91,73.28,8337.66,513.03,251.07,298.14,2484.86,130.21,151.32,157.84,14408.32,1122.47,58.36,957.46,701.27,5654.84,141.9,131.17,2515.04,1394.82,502.06,1668.25,1315.72,125.18,13017.41,1195.32,2160.54,2319.2
30-Jun-17,1711.417,3440.53,3629.0878,1173.28,143.41,98.6,1691.95,1939.27,73.44,8063.93,513.98,253.723,304.68,2531.8,125.63,147.57,153.09,14360.59,1119.85,57.77,966.06,708.42,5726.51,138.42,131.87,2519.59,1386.64,510.94,1695.79,1304.61,123.29,12732.74,1179.85,2134.62,2305.22
7-Jul-17,1656.131,3504.21,3565.38,1161.96,147.97,98.5,1685.5,1923.93,72.63,8125.05,509.66,251.156,304.13,2529.18,127.05,147.33,152.7,14179.24,1139.31,58.62,960.8,706.9,5709.03,139.1,133.21,2542.75,1399.04,506.17,1673.58,1301.96,123.22,12795.14,1172.43,2131.51,2294.33
14-Jul-17,1684.041,3442.17,3655.5857,1158.11,148.86,101.06,1815.2,1934.12,75.47,8225.68,524.86,259.518,311.75,2687.5,130.11,149.69,155.9,14532.57,1167.1,59.83,962.73,718.38,6006.11,141.68,132.2,2632.31,1437.23,530.52,1681.98,1359.96,125.04,12971.46,1188.49,2153.9,2331.2
21-Jul-17,1693.285,3325.4,3666.2976,1167.76,149.27,101.27,1850.33,1951.21,77.4,8305.07,532.89,267.612,318.25,2735.81,127.84,148.8,153.71,14670.08,1177.38,59.56,969.73,728.64,6112.63,143.5,132.17,2676.23,1452.18,524.18,1714.75,1383.88,123.86,12584.32,1191.44,2177.81,2356.02
28-Jul-17,1690.129,3286.45,3671.9355,1171.15,153.62,105.15,1849.14,1938.02,78.53,8189.05,539.27,268.192,316.18,2735.88,126.05,148.46,151.01,14769.22,1188.2,60.01,966.25,726.34,6086.85,144.59,131.43,2681.42,1480.96,519.06,1753.23,1399.41,124.73,12421.23,1189.24,2165.09,2358.02
4-Aug-17,1686.464,3286.66,3630.7791,1156.26,153.33,103.87,1911.25,1950.75,79.3,8201.26,537.63,265.789,318.66,2778.49,126.13,148.92,152.11,15074.75,1195.36,60.86,968.03,708.48,6019.42,143.91,133.2,2691.81,1477.49,526.14,1731.17,1409.31,125.3,12419.53,1211.75,2184.27,2358.67
11-Aug-17,1684.914,3201.75,3634.7256,1163.6,150.22,101.43,1891.46,1924.36,79.36,8232.45,530.39,266.734,318.61,2754.92,123.61,146.58,148.6,14756.18,1148.17,60.16,958.84,697.38,5972.82,142.39,134.2,2678.58,1503.56,523.12,1728.42,1397.93,122.56,12270.17,1181.1,2149.36,2320.87
18-Aug-17,1665.349,3500.86,3625.7051,1168.58,151.67,102.28,1913.08,1916.66,79.95,8240.78,533.77,267.763,317.72,2788.47,124.37,147.71,150.76,14741.65,1165.57,60.43,957.88,701.35,6047.81,143.01,137.7,2646.48,1536.31,521.75,1699.3101,1415.06,122.42,12158.8,1181.92,2146.58,2313.57
25-Aug-17,1667.848,3666.15,3626.8326,1159.89,152.12,100.5,2009.54,1920.36,82.09,8294.91,542.35,275.518,329.51,2893.3,123.42,146.43,150.25,14951.7,1167.99,60.38,945.94,706.33,6145.47,141,135.68,2655.8,1598.18,542.51,1691.3101,1444.54,121.22,12169.03,1177.57,2150.81,2327.23
1-Sep-17,1697.645,3605.57,3633.0343,1154.03,152.43,101.06,1997.82,1936.26,82.45,8397.8,543.73,277.773,335.85,2873.1,122.98,146.13,148.91,15184.23,1186.3,60.18,957.2,700.05,6052.6,140.73,134.33,2688.84,1585.66,564.31,1704.73,1431.17,120.79,12222.61,1179.76,2159.66,2355.08
8-Sep-17,1624.907,3687.71,3644.31,1146.93,151.33,101.71,2098.54,1909.71,81.9,8349.12,542.82,277.425,338.36,2953.46,122.95,147.01,151.55,15116.92,1181.86,60.27,947.03,698.75,6001.55,140.87,134.14,2703.51,1598.38,572.39,1678.67,1402.54,118.62,12275.53,1177.48,2149.71,2348.38
15-Sep-17,1653.366,3648.5,3657.23,1149.69,153.45,102.77,2148.47,1933.13,83.78,8291.52,552.1,272.333,335.64,2987.9,124.16,149.66,154.34,15150.49,1200.01,61.52,971.53,716.93,5941.3,142.97,130.92,2754.68,1626.67,574.04,1666.16,1395.7,121.11,12462.15,1194.32,2095.19,2382.14
22-Sep-17,1628.655,3726.34,3632.54,1142.45,156.59,101.32,2133.59,1972.81,85.22,8421.54,557.4,270.3,331.67,2978.96,124.62,151.1,155.31,15141,1182.22,62.22,990.94,731.16,5954.49,142.9,130.91,2813.35,1576.83,576.57,1674.01,1403.8,121.21,12590.48,1206.7,2108.79,2382.63
29-Sep-17,1652.217,3978.25,3563.99,1148.25,156.28,103.56,2080.85,1999.3,82.98,8419.61,542.88,266.066,330.71,2916.69,124.87,153.14,158.07,14994.88,1159.76,62.66,991.42,725.1,5835.61,144.93,130.53,2855.77,1581.28,585.75,1681.08,1385.77,122.46,12919.39,1210.52,2140.61,2399.93
6-Oct-17,1675.658,4094.85,3591.1,1153.74,156.58,105.21,2129.5,2009.03,86.51,8528.23,555.92,267.405,329.88,2953.69,126.23,153.93,159.44,15240.2,1187.83,61.9,1000.35,725.1,5722.68,145.69,129.68,2859.39,1617.27,585.37,1715.05,1432.67,120.09,12970.99,1223.62,2184.72,2428.16
13-Oct-17,1690.177,4170.38,3660.27,1172.45,159.63,106.89,2157.41,2019.51,86.62,8455.96,567.14,277.658,338.32,2965.51,126.61,153.73,160.08,15313.34,1209.4,61.94,1012.28,753.09,5607.79,147.18,129.37,2891.5,1650.47,595.96,1729.98,1463.14,120.56,12945.67,1232.75,2188.58,2430.63
20-Oct-17,1695.805,4124.39,3672.77,1191.88,161.13,107.34,2117.71,2029.61,86.53,8589.48,566.34,272.065,333.28,2928.85,128.35,154.36,159.87,15324.91,1208.58,61.75,1028.32,755.43,5589.61,146.64,130.74,2912.5,1646.99,583,1740.66,1466.72,120.26,13151.22,1222.54,2181.81,2451.7
27-Oct-17,1651.317,4246.47,3651.1,1190.93,163.12,106.04,2055.62,2044.05,85.63,8628.76,564.77,266.21,326.87,2851.7,125.38,157.38,162.7,15136.36,1229.37,62.33,1051.26,756.19,5440.73,147.67,127.1,2940.13,1649.03,574.68,1772.84,1476.26,120.14,13179.16,1217.83,2175.62,2457.45
3-Nov-17,1629.658,4100.17,3622.24,1201.8,161.53,107.25,1979.33,2051.88,87.12,8510.71,577.86,267.796,327.41,2772.74,125.12,157.99,165.83,15233.7,1249.49,63.33,1065.11,781.63,5351.45,147.9,127.83,2980.57,1639.66,570.28,1774.38,1496.38,122.13,13245.92,1235.93,2191.21,2463.83
10-Nov-17,1609.401,4000.02,3449.81,1215.96,162.57,103.65,1960.45,2055.49,89.19,8307.73,579.47,269.203,333.91,2755.47,122.54,154.29,161.91,15432.17,1229.63,62.19,1069.17,773.81,5343,145.76,127.02,2960.89,1634.09,601.3,1791.38,1506.97,119.23,12896.85,1211.12,2153.48,2458.74
17-Nov-17,1587.472,3966.64,3460.21,1199.85,159.63,101.13,1986.05,2049.53,89.69,8281.5,582.52,273.582,329.43,2775.74,121.83,152.63,160.23,15509.08,1224.1,60.73,1047.63,771.7,5328.23,143.64,126.85,2927.68,1637.65,590.89,1779.46,1555.56,118.17,12776.37,1217.26,2136.74,2456.78
24-Nov-17,1612.688,4081.26,3460.93,1205.34,161.32,102.06,2033.28,2064.42,91.43,8232.88,591.89,277.392,336.71,2817.86,121.88,154.59,161.18,15817.81,1237.47,61.63,1055.74,773.61,5472.89,144.48,128.5,2939.11,1682.22,609.91,1813.81,1550.76,118.63,12764.13,1234.43,2146.22,2479.64
1-Dec-17,1631.147,4045.06,3420.97,1205.65,161.28,100.89,1960.3,2058.22,86.8,8317.1,569.63,274.121,328.22,2729.77,119.76,152.77,159.03,15553.69,1203.97,60.88,1065.14,746.43,5330,142.45,129.61,2926.48,1653.37,591.13,1823.47,1540.24,118.8,12545.89,1226.99,2115.6,2515.45
8-Dec-17,1669.943,4280.7,3393.46,1206.09,160.94,100.76,1944.24,2068.18,86.54,8348.06,568.27,270.979,329.44,2702.13,119.1,155.2,162.48,15295.7,1226.06,62.85,1068.26,745.81,5300.09,145.57,131.31,2890.79,1624.21,586.72,1814.31,1483.14,121.32,12682.17,1234.43,2141.89,2523.34
15-Dec-17,1655.742,4257.57,3355.4,1206.89,157.33,100,1931.89,2059.35,86.57,8309.34,571.19,275.878,335.87,2715.07,119.54,153.61,161.9,15409.67,1231.95,61.03,1061.18,748.13,5307.35,145.52,133.44,2901.41,1534.66,602.29,1809.37,1455.72,119.35,12572.85,1241.99,2170.29,2546.17
22-Dec-17,1650.744,4396.26,3365.09,1219.31,165.05,100.07,1990.56,2072.69,89.15,8475.11,579.77,287.783,338.33,2780.93,120.96,154.08,161.6,15665.69,1255.68,61.28,1083.17,737.05,5223.5,144.98,134.07,2964.33,1649.11,595.37,1799.09,1503.05,119.72,12673.78,1241.55,2200.3,2553.8
29-Dec-17,1638.414,4253.46,3370.07,1219.7,162.83,99.62,2022.89,2076.38,89.35,8464.89,586.84,296.078,345.87,2828.15,119.8,152.7,159.94,15939.01,1265.15,60.16,1074.91,748.78,5333.58,143.71,133.96,2976.19,1666.58,604.23,1811.31,1537.47,117.93,12436.33,1240.85,2228.01,2544.58
5-Jan-18,1674.487,4344.01,3463.57,1230.89,170.29,102.39,2145.68,2101.76,94.36,8587.81,608.8,302.903,361.5,2969.25,122.98,157.04,164.97,16174.13,1272.25,62.69,1114.82,762.54,5462.54,146.7,135.7,3038.36,1775.17,641.21,1867.05,1538.27,122.26,12742.06,1263.1,2238.1,2610.52
12-Jan-18,1725.845,4450.66,3494.63,1222.28,174.24,103.04,2166.15,2096.9,95.94,8510.29,612.87,303.626,367.63,2986.93,123.15,158.05,164.11,16293.5,1287.44,64.55,1113.04,760.09,5456.6,146.76,130.67,3062.7,1776.52,661.85,1882.28,1522.07,123.36,12901.23,1260.51,2255.52,2651.31
19-Jan-18,1721.394,4467.41,3531.05,1208.89,175.96,102.92,2228.78,2101.02,97.86,8659.8,623.85,311.111,372.06,3073.21,125.12,158.72,166.64,16492.06,1302.13,65.38,1123.82,762.73,5653.82,149.84,130.7,3051.24,1823.32,667.6,1897.36,1558.63,123.58,12967.79,1257.16,2240.16,2674.92
26-Jan-18,1695.502,4363.46,3468.65,1216.61,177.58,102.69,2393.48,2082.52,102.3,8585.35,641.63,322.457,382.64,3241.47,123.39,158.57,165.09,16764.87,1316.57,65.55,1115.5,775.8,5839.32,148.68,130.4,3003.17,1877.55,678.07,1905.59,1591.7,125.2,12815.91,1255.92,2222.34,2734.51
2-Feb-18,1670.881,4086.62,3412.26,1230.82,170.88,99.7,2295.77,2006.18,98.45,8006.64,621.82,307.712,377.03,3139.05,127.42,154.35,158.09,16465.67,1268.92,63.84,1104.69,756.21,5754.49,145.45,133.28,2951.22,1773.44,675.71,1877.76,1483.69,120.65,12597.45,1218.21,2156.24,2630.24
9-Feb-18,1634.3,3783.71,3325.62,1175.37,161.35,94.85,2162.38,1926.27,88.6,7924.99,574.03,290.832,351.69,2952.28,121.92,146.39,150.05,15224.24,1240.3,61,1030.18,706.44,5372.71,137.71,128.44,2880.13,1684.86,628.43,1794.45,1414.7,113.77,11969.28,1148.57,2057.01,2494.84
16-Feb-18,1658.979,4178.8,3330.44,1189.62,163.77,96.58,2296.52,1979.15,94.69,8306.04,598.84,313.635,370.7,3110.46,128.85,152.14,154.65,15791.31,1239.76,62.72,1033.69,733.62,5612.77,141.36,128.06,2964.43,1770.94,670.25,1838.58,1525.63,115.96,12427.49,1186.79,2114.87,2602.87
23-Feb-18,1619.003,4175.83,3286.54,1204.5,162.79,97.79,2355.52,2007.36,96.85,8429.98,607.86,315.639,375.71,3161.93,129.14,153,155.04,15986.68,1242.98,62.25,1043.59,737.86,5564.42,142.55,126.45,2993.1,1780.86,696.66,1886.07,1518.93,115.91,12592.47,1181.5,2100.45,2616.6
2-Mar-18,1629.612,3957.12,3208.98,1191.22,163.52,97.86,2300.22,1969.44,92.95,8105.22,592.81,302.058,362.97,3065.75,124.61,148.16,148.02,16075.79,1239.53,60.2,1011.8,723.95,5339.85,138.67,125.55,2879.09,1787.34,671.61,1848.37,1493.7,112.3,12158.52,1138.89,2047.59,2564.36
9-Mar-18,1585.33,4089.28,3157.45,1193.88,167.15,101.57,2329.68,1995.95,95.78,8236.22,604.5,311.082,368.9,3127.56,128.77,152.27,153.59,16191.1,1209.58,62.48,1016.04,746.4,5561.23,144,126.09,2948.91,1808.54,682.83,1852.45,1543.34,114.1,12680.53,1179.71,2092.51,2655.55
16-Mar-18,1597.585,4083.27,3197.3,1190.42,164.46,100.55,2255.03,2016.83,98.05,8182.25,615.41,301.708,358.78,3036.56,127.2,152.49,153.49,16294.9,1209.92,62.79,1028.59,759.56,5386.91,144.03,125.61,2918.06,1766.78,663.65,1869.87,1496.81,114.82,12566.02,1173.62,2072.81,2623.56
23-Mar-18,1531.327,3919.85,3149.53,1163.69,161.58,96.47,2229.84,1946.48,92.03,8023.91,589.09,299.542,357.8,3001.26,124.59,147.32,147.74,15793.48,1187.8,61.2,986.65,735.07,5325.59,139.19,126.93,2888.2,1775.11,671.27,1819.46,1448.92,110.25,12070.08,1134.26,2003.64,2468.89
30-Mar-18,1505.547,3982.24,3108.53,1152.71,162.05,97.71,2249.32,1969.1,91.33,8069.68,590.52,291.331,352.22,3032.91,125.4,149.38,150.26,15715.16,1198.24,61.73,1014.94,738.41,5370.6,141.41,123.66,2912.89,1836.62,660.49,1823.82,1401.91,112.8,12265.86,1157.51,2042.88,2516.93
6-Apr-18,1515.014,3980.98,3083.37,1160.33,163.17,97.65,2198.84,1948,89.75,8046.37,584.75,290.711,352.75,3028.84,124.08,151.79,151.4,15653.31,1227.41,63.35,1014.94,731.31,5566.59,143.12,124.1,2942.89,1892.67,659.29,1830.48,1415.26,113.68,12065.52,1149.97,2079.07,2482.4
13-Apr-18,1573.438,3959.37,3094.4,1168.91,160.45,95.93,2154.78,1954.07,91.74,7998.76,593.76,282.561,330.85,3026.56,125.92,153.39,153.68,16071.55,1244.05,64.46,1023.13,739.83,5733.29,144.48,125.63,2991.31,1880.49,582.95,1862.73,1415.16,114.88,12173.09,1163.34,2103.41,2531.34
20-Apr-18,1676.544,3894.53,3082.09,1176.32,163.69,96.6,2188.35,1981.5,90.56,7952.03,589.8,288.806,338.08,3030.89,128.16,156.02,154.83,15895.99,1254.49,65.92,1035.53,747.5,5540.64,143.15,122.01,2997.24,1891.69,603.99,1917.08,1448.23,116.33,12561.9,1168.04,2132.93,2546.15
27-Apr-18,1622.995,3734.87,3042.82,1194.06,163.77,95.98,2177.47,2009.33,90.12,8009.09,584.18,283.894,338.28,3011.67,131.41,157.85,154.68,15882.1,1272.26,66.02,1051.23,754.75,5509.06,144.7,125.48,3018.95,1883.84,617.25,1920.63,1427.69,116.42,12611.29,1175.45,2170.1,2544.34
4-May-18,1649.622,3341.02,2947.99,1213.17,160.25,94.28,2052.31,2017.22,90.15,8134.55,578.77,275.908,325.8,2853,131.28,158.84,157.24,15888.52,1250.91,67.18,1047.64,741.58,5213.02,143.92,126.96,3013.68,1833.6,606.71,1899.75,1427.93,118.4,12566.98,1182.21,2187.13,2539.4
11-May-18,1683.282,3154.82,2881.8,1225.7,164.26,93.61,2081.77,2054.39,93.9,8296.94,593.93,285.273,336.56,2871.3,135,160.02,158.22,16368.28,1263.59,66.5,1060.89,744.61,5136.43,144.85,129.61,3049.7,1826.1,637.19,1912.57,1455.49,120.39,12743.96,1195.31,2233.05,2600.29
18-May-18,1632.481,3197.26,2912.62,1223.89,161.39,93.84,1940.93,2077.87,93.91,8248.97,586.48,272.008,323.69,2701.4,135.6,161.52,158.44,16175.16,1232.67,64.48,1073.26,735.73,4855.67,146.62,131.14,3075.39,1791.24,621.22,1884,1415.81,118.21,12877.92,1188.39,2247.81,2586.59
25-May-18,1634.617,3069.88,2954.46,1212.13,156.57,94.15,1880.86,2062.61,92.9,8196.63,587.07,272.338,318.26,2656.06,134.07,159.89,156.7,16182.01,1235.39,61.33,1046.32,746.28,4875.38,147.86,131.15,2971.9,1801.47,619.59,1870.32,1409.85,114.48,12600.1,1166.34,2232.27,2594.2
1-Jun-18,1660.395,2936.21,2964.13,1201.65,153.94,93.09,1790.36,2058.08,93.36,8176.31,586.3,270.45,316.55,2568.78,134.2,157.76,154.02,16051.48,1239.69,60.51,1033.48,732.67,4801.23,145.92,131.46,3024.26,1806.88,616.15,1822.06,1414.88,112.08,12489.7,1148.44,2223.95,2608.22
8-Jun-18,1662.15,3156.39,3041.72,1211.05,155.2,92.4,1681.22,2078.83,95.21,7955.62,594.07,267.592,315.25,2472.74,134.73,157.17,154.59,16183.96,1256.53,58.31,1053.56,735.15,4717.01,146.85,138.62,3083.67,1843.24,601.89,1822.61,1426.89,113.32,12388.91,1137.15,2218.13,2651.1
15-Jun-18,1635.732,2749.18,3038.23,1218.56,155.01,94.79,1628.69,2092.98,94.17,8074.34,584.24,258.61,304.99,2427.66,135.09,159.01,157.47,15905.09,1264.11,60.52,1058.72,718.71,4789.52,147.79,140.93,3102.65,1772.1,586.23,1768.99,1409.51,114.37,12490.22,1154.74,2202.48,2653.46
22-Jun-18,1643.927,2782.15,2928.17,1250.94,150.69,94.87,1633.7,2109.83,90.65,8085.08,566.62,257.437,307.2,2439.63,131.45,155.62,152.52,15559.93,1260.78,59.76,1033.2,707.6,4912.83,146.71,140.38,3044.2,1746.6,594.46,1727.04,1396.32,113.93,12313.85,1150.3,2217.71,2629.85
29-Jun-18,1590.101,2298.66,2821,1247.87,149.59,95.16,1647.27,2090.16,87.35,7876.48,551.99,259.153,311.62,2477.08,131.35,154.04,149.03,15324.02,1246.02,59.15,1025.24,699.61,5134.42,144.24,139,3036.92,1753.55,611.29,1719.98,1420.9,112.34,12438.75,1150.83,2206.47,2593.87
6-Jul-18,1621.949,2462.78,2880.42,1263.56,149.11,96.55,1658.83,2098.99,85.5,7964.36,542.24,263.337,316.83,2522.95,131.19,155.6,151.27,15174.46,1250.19,59.96,1005.47,683.32,5421.36,144.88,141.77,3043.96,1763.73,622.61,1675.41,1422.74,115.99,12182.5,1163.96,2200.77,2634
13-Jul-18,1663.595,2467.15,2884.22,1263.5,148.27,97.06,1726.61,2126.66,86.36,8193.3,551.34,263.252,314.61,2577.21,131.99,157.32,152.01,15376.34,1279.38,59.73,1029.95,696.6,5391.85,146.75,140.36,2995.08,1738.48,632.92,1708.3,1403.4,114.22,12370.45,1185.38,2213.49,2673.1
20-Jul-18,1609.028,2537.59,2926.04,1267.22,149.23,97.33,1812.83,2111.57,84.86,8297.24,546.71,259.535,303.89,2649.03,132.99,156.41,152.35,15333.76,1277.56,59.36,1038.45,693.34,5398.59,150.4,138.85,2992.24,1744.99,588.85,1725.27,1419.59,114.12,12609.9,1201.25,2217.62,2673.32
27-Jul-18,1703.818,2659.51,2948.8,1269.73,155.77,97.71,1876.4,2107.42,86.22,8424.25,556.62,266.52,313.71,2730.34,133.69,159.36,155.78,15565.56,1312.92,59.86,1052.89,692.28,5591.19,150.99,139.05,3046.69,1784.53,609.32,1745.25,1424.3,115.84,12841.43,1223.86,2224.67,2686.92
3-Aug-18,1703.086,2608.61,2973.94,1255.5,155.18,97.03,1905.65,2110.38,81.89,8319.46,543.36,265.344,312.03,2749.79,133.02,158.61,153.36,15055.12,1329.99,58.89,1035.38,686.81,5544.32,150.31,136.86,3051.13,1790.83,607.77,1706.12,1418.02,114.25,12847.18,1221.61,2213.01,2707.51
10-Aug-18,1729.261,2282.1,2920.11,1266.59,149.97,95.54,1733.11,2097.68,83.54,8091.1,547.81,250.395,288.62,2564.97,132.39,157,151.29,15389.52,1339.12,57.55,1022.02,682.61,5329.11,148.06,140.01,3068.95,1749.59,565.01,1725.82,1419.51,112.27,12878.54,1205.72,2215.59,2702.12
17-Aug-18,1664.877,2148.85,2803.32,1279.12,145.02,96.02,1679.58,2099.04,78.76,8143.46,527.62,238.313,283.79,2500.81,131.34,155.23,148.91,14962.99,1346.73,55.79,1011.5,669.67,5270.17,145.71,140.97,3049.86,1692.27,558.38,1689.3,1376.74,110.08,12903.66,1201.92,2183.64,2716.49
24-Aug-18,1680.752,2071.48,2815.79,1252.19,145.85,95.42,1622.65,2096.77,81.14,8329.53,541.22,251.79,291.08,2491.17,134.85,157.67,151.31,14946.39,1363.85,56.63,1018.26,687.88,5486.99,146.78,143.97,3108.12,1710.22,564.03,1695.27,1463.85,111.93,13082.41,1209.82,2188.08,2741.31
31-Aug-18,1655.977,1999.52,2840.16,1269.48,145.39,92.91,1619.13,2083.75,81.36,8370.23,547.22,248.963,294.68,2463.79,136.78,156.98,151.25,15171.57,1381.43,55.27,1032.34,700.89,5378.71,146.79,148.37,3104.27,1677.42,579.91,1699.98,1434.84,109.73,13202.61,1201.42,2146.78,2766.77
7-Sep-18,1625.789,2040.79,2826.6,1232.42,144.27,90.62,1641.27,2060.1,77.81,8150.75,529.29,238.027,284.8,2453.65,133.14,152.86,146.46,14582.74,1370.02,55.75,1002.69,680.54,5282.04,142.11,141.14,3070.27,1608.13,557.01,1655.96,1387.68,107.01,12881.17,1181.6,2102.31,2736.61
14-Sep-18,1625.764,1944.94,2809.87,1235.25,148.53,91.22,1575.28,2048.62,78.17,8090.19,532.16,241.773,293.08,2435.5,134.29,155.6,148.22,14832.95,1360.99,56.95,1031.04,690.66,5455.92,141.99,144.19,3112.58,1640.66,580.16,1673.45,1372.34,109.44,13010.02,1200.22,2111.64,2769.1
21-Sep-18,1666.258,2349.15,2764.38,1242.54,151.39,93.02,1693.35,2080.04,80.72,8080.44,541.12,249.859,302.96,2546.94,136.49,159.14,151.25,15113.75,1313.64,58.75,1074.77,701.04,5419.41,143.75,145.89,3163.01,1742.46,606.82,1703.67,1387.35,112.23,13240.56,1201.38,2167.23,2789.93
28-Sep-18,1697.928,2083.4,2825.76,1245.43,150.12,90.61,1729.49,2059.69,79.76,8082.63,536.85,252.113,313.3,2576.51,136.15,159.05,148.94,15017.61,1282.6,56.5,1082.1,699.73,5464.59,141.93,144.28,3217.24,1713.53,634.13,1729.07,1347.1,109.87,13233.07,1213.52,2174.05,2775.55
5-Oct-18,1716.716,2003.85,2791.71,1242.78,151.89,90.7,1844.94,2047.08,75.63,7699.22,507.65,239.736,302.7,2632.96,132.19,155.37,147.15,14341.31,1205.02,55.57,1068.88,675.79,5251.12,139.24,141.17,3160.64,1694.26,615.14,1701.43,1292.42,108.59,13021.84,1202.55,2119.11,2746.26
12-Oct-18,1662.93,1972.91,2755.32,1184.82,146.24,86.8,1903.7,1968.27,72.91,7400.11,492.51,240,298.59,2659.44,125.25,147.64,139.8,13937.27,1218.3,52.71,1014.92,651.25,5194.69,133.15,134.85,3060.5,1682.24,604.88,1628.59,1292.88,104.57,12247.75,1151.03,2028.11,2632.72
19-Oct-18,1655.457,1924.95,2757.73,1192.95,146.59,86.9,1970.7,1973.87,71.55,7579.35,486.14,237.72,297.63,2702.34,125.97,147.67,140.49,13897.97,1193.16,52.46,1010.18,648.22,5120.24,135.71,133.99,3089.95,1669.21,597.93,1624.75,1256.8,104.77,12185.19,1178.94,2043.59,2632.01
26-Oct-18,1516.407,1968.07,2736.4,1139.99,138.54,81.41,2010.95,1902.96,69.83,7235.23,468,229.466,287.15,2687.59,124.59,144.33,136.39,13417.94,1159.96,51.66,954.49,610.81,4855.36,131.54,129.79,2966.23,1640.32,582.42,1578.07,1219.91,102.9,11802.24,1154.17,2010.53,2528.58
2-Nov-18,1576.553,2219.32,2805.22,1177.33,145.01,83.29,2070.43,1937.13,75.28,7612.94,500.29,243.926,298.96,2724.45,127.64,148.15,141.09,14143.51,1233.65,53.35,991.17,635.93,4713.95,136.88,136.12,3038.28,1740.68,603.54,1655.6,1319.12,106.06,12347.28,1196.46,2053.19,2591.84
9-Nov-18,1533.675,2131.68,2825.86,1192.56,144.51,83.19,1975.13,1956.03,72.34,7767.28,489.22,244.219,299.45,2624.13,126.95,148.34,140.5,13739.65,1240.24,53.04,997.48,632.36,4519.08,139.03,136.72,3032.81,1690.45,599.12,1624.9,1307.99,107.41,12146.1,1205.74,2057.67,2642.69
16-Nov-18,1477.031,2198.1,2778.76,1150.97,142.27,84.76,2041.67,1943.23,74.34,7585.41,494.96,243.919,299.61,2666.74,125.04,145.86,138.48,14195.19,1246.74,52.15,973.74,630.49,4367.52,137.75,133.56,2995.39,1713.72,602.99,1613.26,1285.63,106.61,11904.31,1182.03,2032.1,2600.57
23-Nov-18,1439.734,2112.07,2754.91,1154.12,136.97,82.42,1951.36,1922.52,73,7626.69,487.13,242.669,296.55,2557.64,120.72,143.45,136.28,14107.61,1226.16,51.63,972.59,615.47,4204.35,136.32,129.97,2884.03,1622.41,589.21,1597.02,1263.68,104.55,11650.95,1173.85,2014.07,2502.95
30-Nov-18,1453.053,2158.86,2668.66,1139.08,138.17,83.2,1993.78,1950.02,75.76,7741.04,502.53,244.755,301.33,2599.59,119.99,145.12,137.04,14279.85,1262.87,52.85,993.74,626.01,4267.89,137.8,132.26,2949.48,1636.75,593.79,1631.97,1274.93,106.6,11985.14,1195.42,2022.3,2623.85
7-Dec-18,1410.616,2130.82,2580.27,1143.77,131.88,78.6,1971.27,1892.32,73.87,7693.27,493.29,245.672,307.11,2590.58,117.91,139.48,131.51,14303.25,1237.29,51.69,967.76,620.27,4322.04,132.96,131.61,2923.65,1652.1,615.17,1630.01,1276.84,103.42,11553.15,1159.8,1964.46,2504.24
14-Dec-18,1380.208,2081.21,2599.05,1128.19,130.46,78.62,1937.79,1870.54,73.67,7778.32,490.14,240.584,299.42,2549.06,122.14,140.55,131.96,14407.68,1257.43,52.27,952.25,611.66,4258.89,134.1,130.08,2891.53,1625.72,593.48,1607.92,1279.03,104.81,11704.06,1155.78,1983.08,2472.43
21-Dec-18,1302.725,1892.52,2509.81,1104.74,119.39,75.64,1905.12,1781.9,70.52,7419.48,482.11,237.847,292.16,2521.49,117.81,135.77,128.88,14211.61,1250.21,50.89,894.66,610.4,4347.71,127.43,131.16,2805.7,1611.37,571.14,1595.45,1280.67,101.18,11254.38,1114.75,1946.43,2296.64
28-Dec-18,1302.845,1999.79,2469.49,1142.87,120.93,74.35,1948.46,1819.18,70.7,7407.17,483.53,239.632,291.01,2569.28,118,135.4,127.91,14171.33,1263.07,50.55,894.7,604.06,4399.4,127.01,132.52,2784.83,1655.77,568.22,1594.83,1307.46,100.79,11295.35,1115.23,1949.14,2363.25
4-Jan-19,1357.113,2156.98,2526.02,1137.62,127.16,76.86,2115.71,1843.42,70.63,7636.14,477.39,245.689,299.63,2738.16,121.22,137.12,130.85,14254.15,1243.23,52.14,880.47,592.33,4543.55,128.55,132.98,2896.99,1706.97,595.75,1594.76,1307.23,103.84,11523.5,1138.83,1979.38,2408.47
11-Jan-19,1387.536,2292.31,2545.65,1163.95,127.65,79.37,2163.24,1909.03,74.28,7735.67,496.66,253.234,307.25,2817.5,124.22,138.76,132.42,14819.08,1252.32,53.23,919.21,616.23,4744.32,130.85,136,2907.81,1708.17,612.07,1676.18,1345.2,105.61,11775.73,1166.8,2000.73,2472.18
18-Jan-19,1409.415,2341.82,2516.81,1183.57,131.27,80.77,2199.9,1963.35,76.21,7788.58,505.15,256.935,315.43,2868.78,127.42,141.43,136.17,15041.33,1267.42,54.4,934.61,633.48,4835.93,133.36,139.02,2958.16,1713.38,626.58,1694.4,1344.73,107.86,12079.71,1193.62,2014.58,2542.67
25-Jan-19,1429.042,2367.05,2514.36,1188.11,131.88,81.24,2216.75,1967.63,77.48,7618.74,512.98,261.192,320.04,2878.41,130.38,142.73,137.56,15265.01,1256.96,54.42,940.47,653.26,4801.9,136.46,138.5,2898.88,1740.56,635.96,1676.77,1357.4,109.14,12087.62,1181.97,1968.2,2538.02
1-Feb-19,1437.316,2458.98,2567.59,1177.38,131.53,82.02,2294.91,1980.67,79.51,7856.1,521.68,264.409,324.82,2950.43,127.5,145.15,135.55,15396.83,1272.23,54.05,939.82,663.91,4787.84,137.68,136.13,2893.7,1788.92,647.52,1669.94,1344.34,106.55,12277.41,1193.87,2029.43,2579.21
8-Feb-19,1410.13,2423.5,2542.67,1220.99,130.78,81.02,2188.53,1996.84,79.13,7849.82,518.11,256.803,318.45,2851.15,130.11,143.4,132.11,15611.64,1274.58,53.38,922.76,652.02,4735.49,139.39,140.07,2869.46,1772.1,638.7,1675.92,1316.29,104.67,12297.44,1195.35,2043.67,2581.36
15-Feb-19,1439.99,2406.52,2533.61,1215.62,133.67,83.27,2243.82,2024.65,78.78,8126.81,515.68,251.175,314.47,2882.68,131.7,148.7,136.69,15716.78,1242.03,55.55,945.25,658.5,4640.66,144.28,140.44,2980.03,1773.8,627.75,1684.77,1330.11,107.87,12745.09,1227.78,2091.22,2646.06
22-Feb-19,1476.272,2330.74,2633.69,1235.7,133.24,82.31,2229.57,2046.28,82.24,8124.79,531.6,257.913,319.69,2901.68,130.41,150.55,138.12,16381.63,1255.16,55.79,964.92,670.17,4765.53,144.49,143.01,3002.65,1823.02,640.73,1700.97,1364.36,109,12775.89,1242.78,2075.7,2662.4
1-Mar-19,1464.096,2135.33,2635.78,1241.65,136.64,86.95,2119.42,2054.8,82.82,8186.63,531.91,254.752,316.93,2775.81,132.23,152.29,140.22,16381.17,1266.97,56.82,967.22,658.19,4596.84,144.88,144.43,2985.07,1791.09,631.81,1678.17,1358.42,109.65,12705.84,1250.78,2053.13,2674.31
8-Mar-19,1379.67,2058.22,2594.52,1242.24,128.54,85.21,2097.55,2043.14,80.89,8194.92,520.91,249.198,311.94,2729.33,129.77,150.99,138.34,15941.26,1283.28,56.38,942.46,637.67,4446.13,142.56,145.85,2967.27,1776.74,624.9,1667.34,1349.26,108.23,12546.21,1236.34,2050.82,2615.45
15-Mar-19,1445.229,2172.81,2574.21,1234.75,134.4,86.75,2205.32,2065.23,83.36,8397.19,534.09,253.303,319.1,2850.72,134.49,155.81,141.26,16200.14,1318.42,57.81,961.34,648.18,4579.6,148.32,144.01,3031.09,1866.92,637.58,1679.29,1361.12,111.34,12864.9,1264.58,2086.37,2690.88
22-Mar-19,1376.946,2044.35,2628.74,1241.5,133.29,86.34,2043.94,2053.45,83.43,8337.59,540.07,253.057,319.01,2712.96,130.37,151.98,137.59,16270.54,1319.61,57.97,969.27,659.87,4603,146.04,145.19,3013.46,1833.36,647.95,1686.36,1361.75,109.46,12729.57,1244.81,2078.68,2669.59
29-Mar-19,1377.623,2013.08,2631.27,1237.3,133.13,88.33,2080.58,2054.4,84.01,8422.19,538.46,251.918,313.68,2746.11,128.58,154.07,138.53,16474.97,1338.65,58.73,953.65,642.74,4632.66,147.88,150.64,2949.7,1837.9,639.79,1689.56,1367.67,109.84,12525.47,1265.37,2098.1,2701.54
5-Apr-19,1467.002,1982.08,2776.29,1236.34,139.59,91.42,2132.79,2096.42,86.6,8482.06,550.6,261.041,321.51,2833.66,134.75,157.86,143.95,16964.19,1345.48,59.7,974.83,667.54,4896.18,151.57,149.42,3012.29,1875,654.01,1757.6,1412.48,113.18,13046.12,1274.62,2144.88,2756.77
12-Apr-19,1453.462,2018.38,2790.16,1249.88,142.57,92.72,2036.6,2108.39,87.12,8434.36,553.4,266.524,326.5,2760.61,132.22,158.58,144.12,16741.18,1343.63,59.86,963.79,671.24,4938.82,151.45,147.52,3019.71,1845.77,668.67,1765.88,1439.41,112.74,13195.82,1268.95,2143.24,2771.61
19-Apr-19,1489.96,1961.78,2813.91,1251.48,146.61,93.57,2026.47,2131.68,87.15,8330.88,555.13,268.461,326.76,2755.82,131.02,160.65,146.76,16673.74,1353.59,60,972.01,665.03,5026.55,153.74,152.16,3046.7,1780.84,672.35,1773.88,1468.4,113.78,13428.58,1277.36,2147.37,2768.36
26-Apr-19,1435.301,1812.57,2787.44,1277.37,142.96,90.67,2072.91,2130.21,85.54,8439.15,545.8,265.732,322.42,2772.46,128.81,160.51,147.88,16640.69,1352.56,59.42,972.85,655.25,4932.17,153.14,153.89,3030.14,1795.24,664.96,1778.27,1467.22,113.02,13583.01,1298.58,2138.76,2801.3
3-May-19,1378.627,1987.38,2752.76,1265.9,138.76,90.59,2058.71,2117.4,86.71,8306.94,550.37,265.241,319.53,2735.26,125.51,159.89,148.39,16997.4,1339.01,59.51,972.85,661.01,4817.58,154.64,155.18,2973.52,1788.98,663.22,1791.98,1485.93,111.77,13408.51,1299.51,2123.45,2807.3
10-May-19,1344.63,2002.6,2629.9,1263.82,132.74,85.2,2000.15,2087.89,81.51,8300.12,523.29,254.646,306.47,2656.22,122.05,153.71,142.72,16131.99,1287.82,57.21,933.06,631.6,4671.71,149.4,154.52,2934.57,1689.64,640.98,1722.4,1418.74,108.16,12865,1266.87,2074.19,2746.24
17-May-19,1321.037,1966.36,2575.01,1271.18,132.61,85.58,1862.15,2097.07,78.27,8216.14,503.62,250.456,310.46,2527.16,124.52,156.63,143.23,15856.33,1294.31,57.72,935.79,613.02,4682.7,151.05,157,2966.32,1650.5,661.12,1689.95,1383.92,110.48,12927.13,1291.54,2116.83,2725.15
24-May-19,1240.996,2103.04,2589.68,1295.08,128.05,84.32,1950.43,2074.27,74.64,8344.89,496.66,246.885,315.18,2582.26,123.23,153.04,139.74,15704.57,1342.57,55.95,927.8,614.33,4593.36,148.01,158.21,2938.17,1652.18,675.64,1666.4,1323.03,109.44,12629.59,1292.95,2095.24,2692.6
31-May-19,1228.411,2063.48,2620.33,1283.86,124.63,83.36,2091.4,2048.68,74.15,8140.13,498.35,253.679,323.9,2683.71,120.96,150.22,136.69,15346.78,1355.93,54.34,910.52,614.03,4495.86,145.87,155.61,2870.46,1679.64,684.79,1630.43,1375.08,107.52,12151.87,1276.38,2062.67,2623.15
7-Jun-19,1251.68,2166.05,2650.95,1296.11,125.98,85.21,2141.08,2074.29,74.3,8307.38,501.34,257.337,333.56,2745.46,122.12,154.49,139.36,15510.5,1348.65,55.9,922.05,624.55,4564.36,148.83,152.83,2944.65,1733.35,703.23,1656.15,1417.28,110.31,12589.29,1304.46,2111.58,2738.4
14-Jun-19,1279.997,2468.49,2614.31,1316.71,125.97,85.06,2125.84,2083.52,75.32,8486.93,505.32,259.884,333.53,2754.02,123.26,154.49,139.71,15524.71,1344.23,56.63,931.05,628.49,4643.54,149.25,155.5,2938,1694.77,710.7,1696.52,1417.87,109.58,12753.93,1316.73,2115.21,2751.34
21-Jun-19,1254.494,2560.06,2658.88,1337.19,127.33,87.18,2251.79,2112.56,79.02,8467.16,524.51,267.554,340.26,2879.27,125,158.58,142.63,16287.33,1327.88,58.76,932.36,640.94,4713.51,152.13,155.57,2969.94,1750.81,726.88,1762.29,1446,110.22,13077.26,1326.08,2133.25,2812.11
28-Jun-19,1302.973,2612.34,2962.81,1332.04,128.98,86.84,2218.85,2094.3,79.25,8413.73,527.03,266.941,344.35,2843.62,125.04,158.95,143.44,16345.55,1336.42,58.23,936.1,645.79,4623.28,152.06,158.61,2935.72,1766.75,732.21,1767.58,1414.21,109.88,12984.32,1324.06,2139.2,2803.32
5-Jul-19,1286.774,2642.02,2991.83,1355.77,131.49,90.18,2286.5,2113.94,79.93,8550.5,528.37,267.127,348.57,2909.72,126.38,160.45,145.35,16718.92,1333.69,60.32,958.51,638.14,4690.72,154.92,161.49,2997.7,1811.14,741.48,1784.8,1402.43,111.92,13108.2,1334.44,2173.91,2850.48
12-Jul-19,1279.506,2728.75,2685.58,1343.34,130.31,87.21,2331.58,2105.47,78.66,8328.1,521.65,265.961,342.01,2940.25,125.02,159.77,142.55,16562.54,1307.54,60.83,950.26,634.84,4614.57,153.86,164.82,2986.8,1786.03,730.45,1781.15,1392.95,111.43,13060,1309.14,2160.34,2873.35
19-Jul-19,1271.456,2547.92,3093.89,1342.27,128.18,89.75,2323.74,2102.02,79.51,8374.17,526.15,268.077,339.76,2913.62,124.82,159.49,141.63,16766.03,1296.22,59.26,943.72,639.78,4516.43,155.77,165.64,2934.88,1775.16,710.71,1794.11,1414.43,109.68,12901.95,1331.68,2161.58,2838.94
26-Jul-19,1333.627,2641.8,3195.78,1360.19,132.83,94.29,2286.24,2106.37,79.94,8482.96,523.67,263.57,337.66,2859.67,128.55,161.26,143.81,16342.63,1281.67,59.69,948.64,635.51,4396.46,159.27,166.53,2945.23,1749.86,710.4,1786.68,1394.52,110.53,12896.73,1338.14,2172.14,2886.54
2-Aug-19,1266.696,2507.28,2900.39,1356.56,128.62,92.72,2217.06,2065.41,75.62,8377.74,500.02,253.33,323.39,2761.51,125.24,154.3,138.43,15359.32,1248.22,57.59,927.39,611.64,4254.44,153.29,167.54,2906.48,1631.6,676.68,1738.49,1375.94,106.36,12533.45,1321.43,2129.74,2795.25
9-Aug-19,1230.886,2666.14,3233.95,1317.38,125.6,90.37,2215.69,2073.66,73.21,8410.67,487.22,246.249,322.49,2766.84,125.64,153.32,136.02,14758,1262.41,55.5,909.06,592.22,4279.53,149.87,165.8,2854.34,1588.11,679.93,1701.13,1346,104.62,12238.09,1315.95,2083.36,2783.05
16-Aug-19,1194.115,1631.96,3190.8,1286.52,123.26,89.06,2090.54,2047.81,74.23,8545.76,487.7,239.088,308.5,2609.83,123.4,152.45,134.25,14762.9,1257.07,55.47,898.25,591.66,4144.32,151.17,161.63,2825.17,1545.49,652.08,1665.25,1312.06,103.74,12115.48,1313.03,2043.94,2753.1
23-Aug-19,1205.307,1465.54,2768.85,1310.76,125.96,88.76,2012.34,2031.64,75.06,8677.57,491.12,242.387,315.43,2532.2,122.19,153.27,135.18,14856.07,1241.67,55.88,908.45,596.24,4148.63,150.25,159.15,2841.89,1525.97,672.89,1661.2,1314.58,103.03,12116.69,1316.69,2037.54,2713.78
30-Aug-19,1243.918,1275.77,2758.6,1325.06,125.07,90.36,2051.87,2085.81,75.36,8643.64,495.88,243.561,318.55,2600.89,123.63,157.6,138.94,14478.54,1265.41,58.37,913.8,603.6,4402.43,155.91,163.31,2912.15,1577.44,683.49,1661.64,1346.49,104.9,12527.82,1338.2,2069.96,2787.6
6-Sep-19,1267.113,1341.53,2890.92,1332.99,126.75,90.36,2124.79,2098.55,77.86,8822.83,507.04,249.842,326.84,2680.7,126.53,160.87,141.93,14955.57,1253.25,60.05,931.56,619.67,4508.32,159.96,170.93,2941.27,1605.8,705.33,1688.04,1367.26,107.06,12729.76,1362.4,2092.21,2836.88
13-Sep-19,1350.339,1277.69,2888.39,1342.7,131.97,93.63,2138.38,2122.98,79.49,8614.86,517.01,254.602,334.52,2709.47,128.57,162.32,144.78,15226.23,1265.94,60.63,975.51,632.06,4572.06,162.09,164.14,3008.03,1630.22,717.56,1721.13,1402.56,109.18,13287.13,1348.72,2115.97,2861.78
20-Sep-19,1325.094,1355.52,3216.34,1356.41,133.76,94.07,2101.53,2149.44,78.02,8760.27,515.12,251.817,334.04,2688.68,128.17,163.27,144.37,14591.84,1282.98,60.49,977.91,645.98,4637.52,160.9,162.44,3077.37,1601.86,725.29,1693.59,1381.26,109.55,13279.1,1350.02,2110.89,2848.6
27-Sep-19,1319.853,1383.98,3187.88,1354.38,130.66,93.5,2117.52,2123.16,74.91,8732.58,503.35,247.491,331.6,2686.28,127.11,161.95,143.37,14298.69,1296.15,60.19,970.04,632.09,4524.5,160.51,161.78,3012.18,1631.73,711.45,1676.24,1338.31,109.5,13074.35,1351.67,2133.28,2818.25
4-Oct-19,1273.046,1441.34,3147.84,1310.68,125.06,90.8,2108.94,2086.24,75.42,8494.64,501.84,242.756,322.5,2691.95,123.22,157.77,139.6,14220.02,1265.07,58.57,950.48,624.46,4617.19,158.1,162.25,2944.96,1584.04,690.78,1651.4,1322.88,106.68,12653.82,1326.09,2053.71,2810.02
11-Oct-19,1326.45,1433.67,3237.69,1328.55,129.28,92.56,2111.26,2085.6,77.09,8514.83,510.22,246.597,328.77,2702.55,127.83,162.68,144.51,14291.1,1279.19,60.42,964.13,635.59,4645.01,161.21,161.4,3004.18,1590.55,709.63,1680.98,1355.56,110.26,13126.24,1349.2,2080.03,2827.66
18-Oct-19,1335.594,1374.51,3163.36,1339.49,130.61,92.78,2112.69,2079.28,77.34,8571.2,517.61,248.899,334.46,2711.28,129.15,162.08,146.41,14540.52,1320.78,60.76,981.01,638.58,4691.05,160.7,165.3,3011.46,1596.49,720.99,1675.14,1363.66,110.9,13476.95,1335.31,2052.5,2841.61
25-Oct-19,1377.124,1335.84,3172.21,1360.68,136.81,88.16,2227.6,2087.47,77.61,8810.62,521.22,253.544,345.99,2793.19,125.75,164.6,149.32,14674.85,1307.3,61.56,995.79,650.92,4711.93,160.59,161,3034.32,1617.01,755.26,1714.93,1336.36,112.29,13783.84,1363.12,2098.92,2877.61
1-Nov-19,1381.778,1316.75,3125.29,1342.94,137.56,87.18,2266.28,2111.17,78.8,9036.95,529.85,252.951,353.27,2822.35,125.4,165.88,150.06,15152.43,1347.68,62.41,1006.82,655.49,4743.14,160.82,162.86,3032.1,1674.23,774.57,1738.06,1350.53,110.24,13715.66,1370.6,2091.07,2919.34
8-Nov-19,1437.253,1336.37,3030.24,1355.21,141.02,87.99,2171.02,2152.44,81.24,9211.78,541.67,256.658,355.93,2740.11,126.01,169.23,152.93,15458.07,1340.85,63.95,1028.59,665,4733.93,164.6,166.23,3048.6,1617.45,780.32,1758.94,1366.5,111.28,13997.49,1378.3,2109.1,2943.73
15-Nov-19,1372.043,1300.92,3057.26,1366.67,138.47,88.93,2121.53,2170.3,78.59,9275.51,532.29,256.211,352.14,2689.73,125.07,170.49,152.91,14596.06,1334.8,63.94,1023.25,675.02,4677.53,165.37,167.08,2996.4,1628.43,766.26,1746.01,1355.68,109.18,13889.07,1378.53,2091,2971.24
22-Nov-19,1342.851,1359.01,3044.37,1347.64,137.55,88.2,2164.58,2158.35,79.16,9065.03,531.01,257.098,350.64,2712.4,123.48,169.24,152.29,14698.2,1342.09,62.91,1020,655.7,4656.28,163.7,171.08,3013.24,1619.51,763.16,1737.13,1374.51,109.38,13657.39,1383.84,2098.03,2963.98
29-Nov-19,1364.138,1403.63,3043.71,1373.06,134.78,88.76,2125.49,2166.65,79.5,9269.77,529.78,250.609,346.17,2656.99,123.94,169.71,153.3,14708.72,1355.92,62.78,1025.53,648.36,4546.75,164.98,177.86,2958.98,1644.48,752,1717.53,1310.56,110.24,13683.41,1401.79,2103.09,2993.5
6-Dec-19,1345.235,1410.02,2694.71,1344.56,135,89.08,2209.79,2158.81,80.5,9421.39,533.44,251.072,346.93,2733.3,122.68,168.76,152.57,14689.84,1339.88,62.49,1032.53,648.27,4485.91,166.21,176.23,2960.59,1620.35,759.5,1720.42,1305.78,110.49,13777.84,1397.79,2072.38,2996.71
13-Dec-19,1382.148,1463.83,2722.43,1351.56,135.61,88.41,2273.81,2163.09,83,9395.13,553.71,257.516,358.2,2837.48,124.07,169.88,153.98,15230.83,1358.06,62.82,1049.71,682.3,4788.23,167.24,176.52,2963.75,1648.05,786.15,1734.55,1342.18,112.37,14013.83,1392.75,2104.35,3016.65
20-Dec-19,1361.794,1528.2,2768.56,1366.77,138.69,90.68,2338.17,2177.98,84.83,9513.7,563.04,264.673,361,2900.22,128.22,172.72,154.4,15074.83,1379.46,64.78,1044.37,694.67,4855.85,169.59,179.67,3014.92,1674.68,798.39,1732.02,1382.78,114.1,14238.85,1425.84,2168.76,3067.22
27-Dec-19,1391.258,1614.03,2764.88,1365.71,137.98,90.91,2371.52,2179.76,85.91,9612.89,568.41,267.684,366.62,2930.33,128.78,173.21,154.58,15200.48,1380.35,64.06,1044.41,695.05,4855.59,169.98,180.74,3028.99,1692.49,808.71,1739.67,1379.92,114.19,14265.94,1433.45,2186.2,3085.41
3-Jan-20,1370.055,1570.68,2769.09,1347.94,137.85,90.71,2404.74,2166.84,87.14,9403.41,570.66,268.216,370.44,2968.38,129.43,173.35,153.65,15486.69,1378.99,63.89,1037.6,684.53,4894.22,169.74,179.73,3047.86,1692.37,819.34,1745.9,1387.83,113.65,14176.53,1429.94,2179.94,3081.74
10-Jan-20,1367.768,1586.09,2749.26,1387.98,137.85,90.73,2339.65,2188.89,88.5,9531.76,578.38,269.465,378.09,2917.88,129.6,173.21,156.31,15641.04,1382.3,64.71,1047.56,702.99,4919.48,170.39,178.03,3041.05,1650.62,842.45,1758.16,1376.85,112.8,14185.41,1420.66,2169.1,3112.39
17-Jan-20,1360.782,1603.94,2828.28,1413.44,135.16,90.29,2330.46,2228.76,89.84,9844.58,586.43,271.435,381.06,2924.86,133.34,175.2,156.69,16011.51,1403.52,65.01,1050.1,718.91,5063.03,172.23,182.99,3052.07,1683.16,852.93,1767.85,1399.82,113.91,14527.31,1449.47,2195.44,3173.84
24-Jan-20,1373.847,1555.57,2837.99,1422.28,133.63,89.94,2327.62,2228.33,85.49,9984.41,570.52,266.585,372.83,2893.62,132.68,173.35,157.3,15314.71,1397.92,64.25,1047.24,716.26,4958.72,171.58,185.24,3028.72,1653.86,829.51,1752.55,1369.11,112.66,14421.88,1453.37,2170.15,3143.46
31-Jan-20,1290.489,1547.15,2790.42,1407.11,129.69,87.45,2192.91,2194.33,81.29,9814.91,540.61,254.577,353.33,2751.56,131.07,167.67,150.68,14493.34,1358.08,62.56,1020.69,674.34,4822.84,165.19,183.9,2958.38,1576.04,781.04,1701.65,1339.98,110.67,14085.61,1423.56,2084.42,3078.78
7-Feb-20,1437.401,1589.61,2769.58,1406.33,133.57,90.08,2176.35,2238.15,84.97,10255.73,560.51,254.97,353.34,2756.72,136.61,173.96,155.7,14938.09,1383.11,65.79,1050.04,709.32,4895.46,173.62,186.42,2990.16,1547.7,775.61,1708.51,1378.37,116.04,14663.69,1470.91,2132.06,3175.86
14-Feb-20,1401.883,1573.28,2733.72,1431.13,134.29,91.13,2188.69,2261.28,86.82,10330.06,569.38,255.964,354.8,2783.98,136.7,175.35,158.24,15130.08,1387.64,66.43,1033.52,721.72,5034.36,178.57,188.13,3007.91,1562.57,783.16,1726.91,1402.79,117.81,14989.15,1484.52,2113.96,3229.48
21-Feb-20,1405.657,1657.23,2737.51,1431.46,131.44,88.97,2128.36,2258.21,86.05,10373.72,557.22,254.196,351.68,2706.93,134.53,174.36,156.45,14836.44,1384.18,66.09,1019.5,696.02,4899.06,175,193.95,2993.81,1530.03,780.52,1700.57,1382.51,116.94,14895.94,1483.55,2112.83,3191.16
28-Feb-20,1241.031,1419.32,2590,1293,116.64,73.48,1898.68,2061.56,82.37,9288.47,524.95,223.745,301.66,2411.76,121.75,154.15,137.65,14332.28,1272.51,58.88,922.53,636.97,4336.67,153.3,182.01,2687.31,1383.55,668.21,1615.89,1223.67,103.48,13278.56,1315.32,1879.33,2822.38
6-Mar-20,1142.866,1373.93,2460.54,1243.99,105.85,71.52,1752.7,2037.54,83.82,9443.84,533.33,223.434,298.28,2288.15,117.01,149.13,133.73,14210.93,1257.4,56.02,900.37,653.58,4303.02,151.9,185.63,2610.21,1410.14,642.81,1593.53,1262.44,99.13,12919.95,1308.45,1844.58,2837.92
13-Mar-20,949.586,1141.5,2032.12,1113.01,81.8,57.44,1434.46,1737.97,77.35,8141.26,479.7,182.311,234.24,1886.7,93.87,119.44,106.51,13077.42,1131.46,42.65,772.5,573.11,3620.58,126.59,161.23,2222.44,1227.15,503.02,1401.63,1077.66,78.21,10845.67,1126.97,1527.66,2578.81
20-Mar-20,871.5,844.09,1819.24,962.44,78.29,59.42,1122.7,1503.01,72.29,8027.5,437.52,166.652,216.88,1495.02,94.03,117.46,103.11,11995.39,1005.18,42.5,774.17,509.13,2973.22,125.89,156.9,2290.53,1003.56,469.02,1275.64,942.48,76.78,10666.82,1159.41,1484.41,2190.98
27-Mar-20,881.574,913.21,1809.12,964.75,80.69,59.78,1193.69,1613.49,75.64,8453.36,459.72,172.401,224.4,1576.28,99.58,125.68,111.21,12383.51,988.65,45.21,881.77,557.04,3014.91,132.13,164.17,2256.41,973.84,485.02,1350.39,1008.93,80.75,11165.38,1202.13,1573.39,2420.7
3-Apr-20,881.355,885.82,1722.87,1012.99,79.56,61.07,1096.65,1649.5,75.35,8927.03,453.18,176.767,238.09,1482.97,101.14,119.91,110.01,12483.31,938.37,43.94,805.31,550.44,2804.73,131.51,171.19,2410.36,989.92,538.73,1263.9,1041.99,78.38,11114.66,1238.21,1545.21,2364.36
10-Apr-20,937.401,977.78,1830.02,1074.25,89.96,65.6,1285.05,1796.07,78.41,8966.16,478.75,193.364,260.54,1690.18,107.38,130.67,121.64,13221.38,1061.34,46.84,867.37,588.1,3084.43,142.67,168.77,2444.36,1059.8,588.33,1363.58,1129.99,83.47,11844.35,1262.93,1663.09,2657.07
17-Apr-20,936.197,1019.22,1859.79,1088.16,84.72,64.3,1248,1822.07,80.4,9430.71,493.21,183.807,246.64,1647.87,108.21,130.09,122.43,13442.78,1083.56,45.22,876.31,605.82,2997.74,144.43,182.6,2488.7,1092.97,545.93,1381.34,1146.23,80.71,12057.51,1291.14,1646.49,2740.34
24-Apr-20,921.172,970.79,1891.06,1039.34,86.23,61.95,1104.13,1826.19,79.12,9586.11,482.35,184.091,245.6,1502.07,108.06,127.25,119.74,12984.68,1066.6,44.3,859.64,592.17,2884,144.75,177.35,2432.96,1047.24,549.43,1337.05,1178.53,77.81,11939.07,1297.55,1634.44,2705.7
1-May-20,975.707,1026.6,2026.61,1035.26,92.01,65.85,1218.06,1850.98,80.22,9538.66,501.19,190.638,252.24,1639.3,114.41,132.49,125.21,13317.35,1146.78,46.56,865.26,609.65,3076.37,147.15,176.61,2570.18,1092.67,558.06,1414.01,1196.51,81.57,12409.17,1286.87,1637.25,2701.64
8-May-20,993.358,1159.84,1922.61,1059.71,93.85,64.33,1165.25,1892.33,81.31,9651.74,498.43,189.927,253.09,1624.04,114.05,132.23,125.59,13187.8,1087.33,45.88,882.17,605.96,3307.61,150.14,181.88,2492.07,1152.42,572.7,1390.45,1209.31,79.85,12302.44,1299.1,1686.2,2805.05
15-May-20,915.928,1165.69,1894.47,1060.09,88.89,60.65,1109.43,1852.32,81.07,9752.92,494.9,187.104,247.38,1540.91,109.39,124.67,120.58,12928.27,1077.39,44.15,877.86,598.11,3103.85,145.4,182.85,2431.6,1075.89,557.38,1353.38,1182.33,76.34,11748.82,1278.18,1646.46,2741.83
22-May-20,928.745,1300.24,1938.91,1074.14,87.23,60.71,1230.38,1884.22,78.99,10110.93,489.13,198.063,264.68,1670.06,117.36,129.2,127.26,12225.82,1071.7,45.59,891.29,612.88,3266.43,152.66,179.58,2485.18,1080.42,601.55,1352.69,1197.7,79.18,12222.55,1299.37,1699.26,2832.78
29-May-20,973.765,1284.38,1961.48,1125.28,92.48,65.02,1338.18,1918.45,80.68,10166.45,502.34,200.313,275.68,1774.53,122.62,136.29,132.96,12141.89,1121.78,48.19,945.53,633.55,3391.89,155.68,183.07,2545.53,1113.07,616.99,1358.26,1171.36,83.77,12860.4,1313.9,1722.12,2918.45
5-Jun-20,1089.927,1321.32,2039.48,1177.37,105.94,72.1,1575.92,1997.7,85.58,10161.85,537.6,214.894,293.43,2055.09,127.35,150.42,145.67,13448.36,1178.88,53.25,977.11,687.88,3758.37,165.06,184.07,2697.44,1297.2,652.77,1481.11,1267.14,92.96,13681.98,1347.36,1834.87,3056.71
12-Jun-20,1020.044,1352.66,2103.25,1150.08,98.02,66.71,1516.32,1923.34,84.84,10128.28,531.62,210.301,282.39,1959.31,120.41,140.09,136.28,13347.09,1165.88,50.06,953.67,667.51,3507.43,158.55,180.29,2604.33,1226.41,627.47,1439.36,1251.17,86.13,12710.84,1302.4,1730.26,2915.7
19-Jun-20,988.973,1345.9,2078.38,1164.91,97.73,68.91,1494.05,1950.09,87.49,10451.15,541.72,211.08,283.02,1939.99,123.87,143.92,140.15,13495.26,1195.22,51.91,959.44,672.02,3537.22,166.09,187.45,2565.53,1190.73,627.4,1409.05,1269.87,88.02,13188.37,1364.37,1780.96,2976.76
26-Jun-20,969.117,1328.89,2086.51,1160.87,93.37,66.96,1425.22,1914.57,87.56,10308.85,543.75,208.086,279.08,1856.27,122.3,141.92,137.18,13486.57,1208.43,50.72,956.93,672.36,3380.27,164.33,187.7,2495.28,1124.71,620.75,1396.18,1256.58,85.52,13087.74,1335.37,1742.63,2893.15
3-Jul-20,993.328,1414.54,2061.49,1189.86,95.22,68.56,1503.36,1963.52,91.83,10517.42,563.34,210.655,278.11,1952.03,123.96,144.99,141.55,13786.55,1234.94,52.29,944.54,676.05,3512.34,168,198.03,2497.38,1121.91,614.16,1427.57,1289.51,88.44,13395.12,1344.48,1740.95,3011.4
10-Jul-20,1013.807,1518.94,2082.19,1159.9,95.75,69.99,1549.44,1976.49,98.56,10670.1,586.29,213.843,279.23,1971,121.95,143.97,142.71,13698.62,1250.4,52.4,936.05,672.71,3355.27,170.16,195.94,2494.48,1126.14,619.4,1427.1,1316.46,87.88,13537.38,1361.64,1722.21,3072.38
17-Jul-20,1017.482,1500.9,2052.67,1185.31,97.54,70.72,1591.85,2027.48,94.06,10888.62,576.07,212.522,273.34,2005.57,125.08,146.81,145.16,13511.62,1271.33,54.17,957.3,688.1,3357.24,170.03,198.77,2653.7,1137.26,596.39,1413.94,1325.99,89.53,14022.73,1385.26,1776.51,3107.77
24-Jul-20,988.137,1537.73,2052.65,1180.04,95.4,69.98,1632.21,2012.38,93.54,10823.27,577.21,214.843,282.02,2060,127.34,143.76,144.35,13232.51,1302.73,52.93,957.05,683.88,3478.29,168.61,199.49,2655.15,1156.69,617.16,1393.53,1324.08,87.64,13858.16,1359.21,1727.89,3096.18
31-Jul-20,986.263,1558.95,2050.77,1162.7,88.15,67.43,1637.49,2032.32,95.19,10661.51,590.98,211.756,275.64,2066.82,124.42,138.92,138.53,13281,1304.52,50.34,911.91,704.84,3473.13,163.59,201.69,2566.52,1173.98,604.3,1361.19,1322.69,82.12,13523.01,1334.3,1662.89,3153.99
7-Aug-20,995.597,1607.73,2107.64,1177.13,92.11,67.51,1565,2080.4,96.31,10741.05,600.12,211.279,280.2,2006.12,127.66,142.19,142.83,13413.34,1323.98,51.45,941.86,735.11,3512.95,167.48,199.53,2653.61,1210.26,619.71,1373.54,1320.04,82.67,13857.83,1341.5,1696.86,3227.67
14-Aug-20,1005.612,1543.66,2155.4,1204.7,94.55,69.33,1554.54,2079.44,95.9,10879.36,600.06,216.973,291.74,2016.08,129.59,144.33,145.07,13900.09,1321.58,52.73,987.62,749.59,3679.24,167.8,196.42,2708.22,1232.07,650.74,1398.48,1321.89,84.98,13937.57,1354.01,1714.2,3248.97
21-Aug-20,990.965,1514.52,2235.58,1196.69,91.1,66.85,1490.15,2078.02,98.04,10946.05,601.75,215.311,278.98,1952.04,130.87,142.52,143.98,13972.7,1337.57,51.87,975.73,718.29,3596.63,165.96,201.84,2669.63,1213.21,612.75,1362.81,1312.1,82.82,13944.27,1363.47,1687.53,3280.51
28-Aug-20,1026.545,1536.23,2269.27,1186.87,93.45,68.39,1543.53,2103.83,101.95,10914.7,619.59,218.281,278.7,1997.52,134.09,145.42,146.43,14318.47,1361.52,52.12,976.18,732.09,3589.34,168.08,205.44,2662.71,1252.74,610.8,1364.79,1325.42,84.63,14116.22,1356.02,1676.36,3386.44
4-Sep-20,1032.253,1478.64,2282.7,1155.91,91.88,66.99,1572.59,2039.52,99.39,10697.68,607.03,211.327,266.69,2009.26,131.23,144.2,143.94,14007.08,1325.01,50.98,983.35,727.59,3496.28,163.01,197.08,2614.72,1255.4,584.93,1350.02,1253.66,82.8,13965.7,1352.05,1632.62,3305.63
11-Sep-20,1016.229,1491.53,2270.52,1144.03,91.86,67.43,1527.6,2041.09,96.82,10926.04,601.7,213.978,267.76,1970.24,131.96,146.18,147.95,14038.72,1355.24,51.96,992.01,741.64,3540.1,167.1,193.88,2654.57,1210.68,585.03,1343.5,1313.31,82.21,14233.43,1388.39,1697.38,3219.94
18-Sep-20,1052.173,1509.07,2320.87,1142.62,89.75,68.55,1523.39,2028.91,98.47,11187.5,612.98,214.642,266.39,1969.93,134.99,144.66,147.29,14053,1369.23,50.95,993.97,747.87,3552.06,166.55,188.69,2665.74,1208.66,586.16,1342.41,1269.86,81.82,14488.69,1400.2,1689.36,3208.57
25-Sep-20,988.345,1450.64,2252.25,1166.97,84.95,64.63,1424.53,2018.62,94.77,11122.05,586.97,204.113,251.32,1851.4,129.4,137.63,140.6,13557.76,1314.6,48.9,987.02,713.98,3386.63,163.96,193.67,2570.43,1162.66,554.53,1328.14,1238.65,78.45,14099.14,1362.07,1641.51,3191.72
2-Oct-20,1037.211,1506.32,2265.7,1128.45,84.89,66,1365.07,2031.76,97.19,11389.27,601.7,208.396,249.75,1817.4,131.19,140.51,143.29,13494.25,1354.23,49.52,972.54,726.69,3491.8,169.19,189.41,2587.3,1172.45,543.08,1344.03,1276.25,79.97,14355.01,1368.78,1658.14,3243.91
9-Oct-20,1075.67,1617.45,2214.32,1187.29,90.01,69.35,1447.85,2076.53,101.03,11779.71,625.29,211.647,254.26,1923.79,134.39,144.34,147.24,13860.76,1400.51,50.76,995.55,746.72,3767.52,173.03,196.06,2635.08,1212.32,553.32,1358.97,1291.47,82.44,14602.91,1375.9,1687.56,3370.62
16-Oct-20,1068.089,1628.12,2194.63,1200.97,88.66,66.9,1430.12,2058.6,103.13,11852.36,628.02,209.651,245.99,1897.92,134.83,143.76,145.91,13617.68,1381.57,50.23,979.09,734.6,3696.55,173.88,197.11,2622.38,1172.05,537.28,1366.61,1290.69,81.31,14558.72,1360.43,1655.95,3379.31
23-Oct-20,1090.573,1618.83,2185.55,1201.19,89.74,66.46,1478.56,2038.44,103.54,11508.96,633.24,212.487,250.28,1967.94,132.95,143.2,142.62,13801.81,1395.75,50.06,983.47,740.86,3835.49,169.71,197.03,2618.11,1217.4,553.13,1360.91,1306.22,81.81,14472.01,1337.48,1642.18,3358.93
